{"Dataset": "accent-mfcc-data-1", "Method": "LogisticRegression", "Accuracy": 0.6585365853658537, "Precision": 0.5190428278840469, "Recall": 0.605573593073593, "F1": 0.5490770823800645}