{"Dataset": "Acoustic_Features", "Method": "LogisticRegression", "Accuracy": 0.7132352941176471, "Precision": 0.7202834799608993, "Recall": 0.7132352941176471, "F1": 0.7135015710919088}