{"Dataset": "bupa", "Method": "LogisticRegression", "Accuracy": 0.6877192982456141, "Precision": 0.6746153006657208, "Recall": 0.6636828644501278, "F1": 0.6664299522625952}