{"Dataset": "cleveland", "Method": "LogisticRegression", "Accuracy": 0.791907514450867, "Precision": 0.7873711340206185, "Recall": 0.7891755391755392, "F1": 0.7881632653061225}