{"Dataset": "crx", "Method": "LogisticRegression", "Accuracy": 0.8481481481481481, "Precision": 0.8447535682426406, "Recall": 0.8461430810568742, "F1": 0.8453996983408749}