{"Dataset": "echocardiogram", "Method": "LogisticRegression", "Accuracy": 0.6896551724137931, "Precision": 0.6447368421052632, "Recall": 0.6527777777777778, "F1": 0.6477732793522266}