{"Dataset": "glass-0-1-2-3_vs_4-5-6", "Method": "LogisticRegression", "Accuracy": 0.9435483870967742, "Precision": 0.7307692307692308, "Recall": 0.9703389830508475, "F1": 0.8005056308894507}