{"Dataset": "heart", "Method": "LogisticRegression", "Accuracy": 0.8071428571428572, "Precision": 0.7979166666666666, "Recall": 0.8058823529411765, "F1": 0.8007905138339921}