{"Dataset": "hepatitis", "Method": "LogisticRegression", "Accuracy": 0.8205128205128205, "Precision": 0.7943548387096775, "Recall": 0.737012987012987, "F1": 0.7564674397859055}