{"Dataset": "kr-vs-kp", "Method": "LogisticRegression", "Accuracy": 0.9555712270803949, "Precision": 0.9553003233873042, "Recall": 0.9563445469697853, "F1": 0.9555244228839077}