{"Dataset": "mfeat-karhunen", "Method": "LogisticRegression", "Accuracy": 0.9382352941176471, "Precision": 0.9401597953966737, "Recall": 0.9382352941176471, "F1": 0.9384317125620939}