{"Dataset": "ttt", "Method": "LogisticRegression", "Accuracy": 0.9723502304147466, "Precision": 0.9672795059169659, "Recall": 0.9705302044414592, "F1": 0.9688760600247414}