{"Dataset": "accent-mfcc-data-1", "Method": "LogisticRegression", "Accuracy": 0.6585365853658537, "Precision": 0.5307611848048305, "Recall": 0.6286075036075035, "F1": 0.5600761983114924}