{"Dataset": "bcwo", "Method": "LogisticRegression", "Accuracy": 0.9458128078817734, "Precision": 0.9331783113418415, "Recall": 0.9453043929436181, "F1": 0.9388116731872916}