{"Dataset": "bupa", "Method": "LogisticRegression", "Accuracy": 0.712280701754386, "Precision": 0.7042011362503737, "Recall": 0.7095907928388747, "F1": 0.7055785123966942}