{"Dataset": "crx", "Method": "LogisticRegression", "Accuracy": 0.7925925925925926, "Precision": 0.7916140716755392, "Recall": 0.7974417823555755, "F1": 0.7913302695317352}