{"Dataset": "heart", "Method": "LogisticRegression", "Accuracy": 0.8785714285714286, "Precision": 0.8720238095238095, "Recall": 0.874331550802139, "F1": 0.8731275654352577}