{"Dataset": "kr-vs-kp", "Method": "LogisticRegression", "Accuracy": 0.9375881523272215, "Precision": 0.9379003231563401, "Recall": 0.9369887963352135, "F1": 0.9373709842050044}