{"Dataset": "mfeat-karhunen", "Method": "LogisticRegression", "Accuracy": 0.9294117647058824, "Precision": 0.9298871270354615, "Recall": 0.9294117647058823, "F1": 0.9289044789934074}