{"Dataset": "mushroom", "Method": "LogisticRegression", "Accuracy": 0.986336032388664, "Precision": 0.9861799206371173, "Recall": 0.986532656176949, "F1": 0.9863227836642221}