{"Dataset": "ttt", "Method": "LogisticRegression", "Accuracy": 0.7476958525345622, "Precision": 0.7154886344781815, "Recall": 0.7180848830863524, "F1": 0.7167266468471287}