{"Dataset": "Acoustic_Features", "Method": "MLP", "Accuracy": 0.8014705882352942, "Precision": 0.7985468478889531, "Recall": 0.801470588235294, "F1": 0.7936063361013557}