{"Dataset": "adult", "Method": "MLP", "Accuracy": 0.741648931248265, "Precision": 0.6931563873097646, "Recall": 0.7517666374409667, "F1": 0.7001680818197815}