{"Dataset": "adult_all", "Method": "MLP", "Accuracy": 0.7591474682764568, "Precision": 0.695898664582568, "Recall": 0.7424763741319114, "F1": 0.7075174139619377}