{"Dataset": "bcwo", "Method": "MLP", "Accuracy": 0.9556650246305419, "Precision": 0.9420436761986057, "Recall": 0.9606105153925977, "F1": 0.9503053968042892}