{"Dataset": "BreastTissue", "Method": "MLP", "Accuracy": 0.725, "Precision": 0.7199074074074074, "Recall": 0.7172619047619048, "F1": 0.7116452991452992}