{"Dataset": "bupa", "Method": "MLP", "Accuracy": 0.6350877192982456, "Precision": 0.6541666666666667, "Recall": 0.6561381074168798, "F1": 0.634975369458128}