{"Dataset": "cleveland", "Method": "MLP", "Accuracy": 0.7976878612716763, "Precision": 0.7932900432900434, "Recall": 0.7959322959322959, "F1": 0.794362370521311}