{"Dataset": "crx", "Method": "MLP", "Accuracy": 0.8166666666666667, "Precision": 0.813408678273353, "Recall": 0.8116323331840574, "F1": 0.8124467178175617}