{"Dataset": "echocardiogram", "Method": "MLP", "Accuracy": 0.7241379310344828, "Precision": 0.6893939393939394, "Recall": 0.7083333333333333, "F1": 0.6947368421052631}