{"Dataset": "glass3", "Method": "MLP", "Accuracy": 0.759493670886076, "Precision": 0.745945945945946, "Recall": 0.7818740399385561, "F1": 0.760437874361925}