{"Dataset": "glass-0-1-2-3_vs_4-5-6", "Method": "MLP", "Accuracy": 0.8870967741935484, "Precision": 0.65, "Recall": 0.9406779661016949, "F1": 0.6992376992376993}