{"Dataset": "heart", "Method": "MLP", "Accuracy": 0.7785714285714286, "Precision": 0.7757352941176471, "Recall": 0.7887700534759359, "F1": 0.7752576251877169}