{"Dataset": "house-votes-84", "Method": "MLP", "Accuracy": 0.96, "Precision": 0.9444444444444444, "Recall": 0.9705882352941176, "F1": 0.9554367201426025}