{"Dataset": "iris", "Method": "MLP", "Accuracy": 0.9888888888888889, "Precision": 0.989247311827957, "Recall": 0.9888888888888889, "F1": 0.9888858016115588}