{"Dataset": "kr-vs-kp", "Method": "MLP", "Accuracy": 0.961212976022567, "Precision": 0.9608982220489433, "Recall": 0.9615048838724763, "F1": 0.961143407183612}