{"Dataset": "mfeat-karhunen", "Method": "MLP", "Accuracy": 0.9691176470588235, "Precision": 0.9693980739529013, "Recall": 0.9691176470588235, "F1": 0.9690557601698874}