{"Dataset": "mushroom", "Method": "MLP", "Accuracy": 0.9848178137651822, "Precision": 0.9847280334728034, "Recall": 0.9848813116994127, "F1": 0.9847995469095714}