{"Dataset": "ttt", "Method": "MLP", "Accuracy": 0.7442396313364056, "Precision": 0.7248788149592439, "Recall": 0.7490029805633684, "F1": 0.7286583305170665}