{"Dataset": "wdbc", "Method": "MLP", "Accuracy": 0.9536679536679536, "Precision": 0.9209183673469388, "Recall": 0.9514069828035434, "F1": 0.9349246231155779}