{"Dataset": "accent-mfcc-data-1", "Method": "SVM", "Accuracy": 0.8658536585365854, "Precision": 0.8644376456876457, "Recall": 0.787869769119769, "F1": 0.8132036799813261}