{"Dataset": "Acoustic_Features", "Method": "SVM", "Accuracy": 0.7426470588235294, "Precision": 0.7499706856958378, "Recall": 0.7426470588235294, "F1": 0.7444520061545745}