{"Dataset": "adult", "Method": "SVM", "Accuracy": 0.7802967212609111, "Precision": 0.7146933082398658, "Recall": 0.7569158673102759, "F1": 0.7278546291172097}