{"Dataset": "adult_all", "Method": "SVM", "Accuracy": 0.7561907108537637, "Precision": 0.6945987215702931, "Recall": 0.7429881883919265, "F1": 0.7058231094530996}