{"Dataset": "BreastTissue", "Method": "SVM", "Accuracy": 0.725, "Precision": 0.723989898989899, "Recall": 0.7281746031746031, "F1": 0.719896331738437}