{"Dataset": "bupa", "Method": "SVM", "Accuracy": 0.5543859649122806, "Precision": 0.5341558441558442, "Recall": 0.5336317135549873, "F1": 0.533719806763285}