{"Dataset": "cleveland", "Method": "SVM", "Accuracy": 0.7514450867052023, "Precision": 0.7537453183520599, "Recall": 0.758940758940759, "F1": 0.7506118207113883}