{"Dataset": "crx", "Method": "SVM", "Accuracy": 0.8185185185185185, "Precision": 0.8163461538461538, "Recall": 0.822296238244514, "F1": 0.8170731707317074}