{"Dataset": "glass3", "Method": "SVM", "Accuracy": 0.6708860759493671, "Precision": 0.6362465232030449, "Recall": 0.7485919098822325, "F1": 0.6656900308015926}