{"Dataset": "glass-0-1-2-3_vs_4-5-6", "Method": "SVM", "Accuracy": 0.9354838709677419, "Precision": 0.7038690476190477, "Recall": 0.8870056497175142, "F1": 0.7603864734299517}