{"Dataset": "heart", "Method": "SVM", "Accuracy": 0.7714285714285715, "Precision": 0.7607894166124485, "Recall": 0.7572192513368984, "F1": 0.7588285960378984}