{"Dataset": "house-votes-84", "Method": "SVM", "Accuracy": 0.9636363636363636, "Precision": 0.9608711701734958, "Recall": 0.9552139037433155, "F1": 0.9579664954756665}