{"Dataset": "kr-vs-kp", "Method": "SVM", "Accuracy": 0.9485190409026798, "Precision": 0.9481719868085372, "Recall": 0.9488852425831998, "F1": 0.9484357214909277}