{"Dataset": "mushroom", "Method": "SVM", "Accuracy": 0.9913967611336032, "Precision": 0.9912632181406831, "Recall": 0.9915534973803917, "F1": 0.9913877266387727}