{"Dataset": "ttt", "Method": "SVM", "Accuracy": 0.8006912442396313, "Precision": 0.775462962962963, "Recall": 0.7911716552621636, "F1": 0.7815399163484271}