{"Dataset": "wdbc", "Method": "SVM", "Accuracy": 0.9806949806949807, "Precision": 0.9596774193548387, "Recall": 0.9876237623762376, "F1": 0.9727259324782545}