{"Dataset": "accent-mfcc-data-1", "Method": "SVM", "Accuracy": 0.7560975609756098, "Precision": 0.6150930487137384, "Recall": 0.7321699134199134, "F1": 0.6572468966218966}