{"Dataset": "Acoustic_Features", "Method": "SVM", "Accuracy": 0.7941176470588235, "Precision": 0.7999999999999999, "Recall": 0.7941176470588235, "F1": 0.7940999034749034}