{"Dataset": "adult_all", "Method": "SVM", "Accuracy": 0.7630076793560839, "Precision": 0.7168394700670615, "Recall": 0.7846777018922757, "F1": 0.725676450161783}