{"Dataset": "adult", "Method": "SVM", "Accuracy": 0.7631164985657444, "Precision": 0.7097177906793846, "Recall": 0.7683515217419108, "F1": 0.7206327354170974}