{"Dataset": "bcwo", "Method": "SVM", "Accuracy": 0.9507389162561576, "Precision": 0.936938596074331, "Recall": 0.9542978208232445, "F1": 0.9447167755991286}