{"Dataset": "BreastTissue", "Method": "SVM", "Accuracy": 0.65, "Precision": 0.649074074074074, "Recall": 0.6382936507936509, "F1": 0.6377302436125967}