{"Dataset": "bupa", "Method": "SVM", "Accuracy": 0.6140350877192983, "Precision": 0.6069445821354218, "Recall": 0.6103580562659847, "F1": 0.6066696778078892}