{"Dataset": "cleveland", "Method": "SVM", "Accuracy": 0.7572254335260116, "Precision": 0.7522002200220022, "Recall": 0.7503412503412503, "F1": 0.7511643835616437}