{"Dataset": "crx", "Method": "SVM", "Accuracy": 0.812962962962963, "Precision": 0.8156593746137684, "Recall": 0.821680474697716, "F1": 0.8124219714609007}