{"Dataset": "glass3", "Method": "SVM", "Accuracy": 0.6962025316455697, "Precision": 0.6555555555555556, "Recall": 0.6804915514592933, "F1": 0.6667467323205029}