{"Dataset": "heart", "Method": "SVM", "Accuracy": 0.7571428571428571, "Precision": 0.745608327911516, "Recall": 0.7422459893048128, "F1": 0.743755383290267}