{"Dataset": "hepatitis", "Method": "SVM", "Accuracy": 0.7948717948717948, "Precision": 0.7970588235294118, "Recall": 0.663961038961039, "F1": 0.685483870967742}