{"Dataset": "house-votes-84", "Method": "SVM", "Accuracy": 0.96, "Precision": 0.9506688963210703, "Recall": 0.9585561497326203, "F1": 0.954448945173094}