{"Dataset": "kr-vs-kp", "Method": "SVM", "Accuracy": 0.9520451339915373, "Precision": 0.9517537240393107, "Recall": 0.9522078015319471, "F1": 0.9519502879026089}