{"Dataset": "mfeat-karhunen", "Method": "SVM", "Accuracy": 0.9735294117647059, "Precision": 0.9742727735057304, "Recall": 0.973529411764706, "F1": 0.9734950694847144}