{"Dataset": "mushroom", "Method": "SVM", "Accuracy": 0.9793775303643725, "Precision": 0.9792184546706284, "Recall": 0.9795599637571049, "F1": 0.9793573715475243}