{"Dataset": "promoter", "Method": "SVM", "Accuracy": 0.8157894736842105, "Precision": 0.8166666666666667, "Recall": 0.8157894736842105, "F1": 0.8156618156618156}