{"Dataset": "ttt", "Method": "SVM", "Accuracy": 0.717741935483871, "Precision": 0.7125, "Recall": 0.7397884219806053, "F1": 0.7076850542197077}