{"Dataset": "wdbc", "Method": "SVM", "Accuracy": 0.9536679536679536, "Precision": 0.9179222839016654, "Recall": 0.9577036651033524, "F1": 0.9356681569796323}