{"Dataset": "Acoustic_Features", "Method": "LogisticRegression", "Accuracy": 0.7426470588235294, "Precision": 0.7485040563987934, "Recall": 0.7426470588235294, "F1": 0.7414633938899096}