{"Dataset": "bcwo", "Method": "LogisticRegression", "Accuracy": 0.9474548440065681, "Precision": 0.9408582784747237, "Recall": 0.938472846765825, "F1": 0.9396506874767745}