{"Dataset": "BreastTissue", "Method": "LogisticRegression", "Accuracy": 0.6, "Precision": 0.6163780663780664, "Recall": 0.5867063492063492, "F1": 0.5800872373240794}