{"Dataset": "bupa", "Method": "LogisticRegression", "Accuracy": 0.7017543859649122, "Precision": 0.6947890818858561, "Recall": 0.70076726342711, "F1": 0.6957613814756671}