{"Dataset": "crx", "Method": "LogisticRegression", "Accuracy": 0.8203703703703704, "Precision": 0.817718716915758, "Recall": 0.8233878190774743, "F1": 0.818753698109682}