{"Dataset": "glass3", "Method": "LogisticRegression", "Accuracy": 0.7341772151898734, "Precision": 0.7119565217391304, "Recall": 0.7939068100358423, "F1": 0.7378787878787879}