{"Dataset": "glass-0-1-2-3_vs_4-5-6", "Method": "LogisticRegression", "Accuracy": 0.8064516129032258, "Precision": 0.6, "Recall": 0.8983050847457628, "F1": 0.610062893081761}