{"Dataset": "heart", "Method": "LogisticRegression", "Accuracy": 0.8071428571428572, "Precision": 0.7976190476190477, "Recall": 0.7994652406417113, "F1": 0.7984967215736447}