{"Dataset": "hepatitis", "Method": "LogisticRegression", "Accuracy": 0.8461538461538461, "Precision": 0.8504464285714286, "Recall": 0.7548701298701299, "F1": 0.7833333333333332}