{"Dataset": "kr-vs-kp", "Method": "LogisticRegression", "Accuracy": 0.9495768688293371, "Precision": 0.9492294520547946, "Recall": 0.9499634289167331, "F1": 0.9494966891557257}