{"Dataset": "ttt", "Method": "LogisticRegression", "Accuracy": 0.9711981566820277, "Precision": 0.9703231292517007, "Recall": 0.9643801687586584, "F1": 0.9672612447063544}