{"Dataset": "Acoustic_Features", "Method": "MLP", "Accuracy": 0.8161764705882353, "Precision": 0.8156087591571463, "Recall": 0.8161764705882353, "F1": 0.8150075145962214}