{"Dataset": "adult", "Method": "MLP", "Accuracy": 0.7574103204712994, "Precision": 0.700543184474986, "Recall": 0.7538488811185708, "F1": 0.7113925049941436}