{"Dataset": "adult_all", "Method": "MLP", "Accuracy": 0.7699683791220073, "Precision": 0.7221876221290411, "Recall": 0.7901645757742605, "F1": 0.7324238839533611}