{"Dataset": "bcwo", "Method": "MLP", "Accuracy": 0.9458128078817734, "Precision": 0.932476076555024, "Recall": 0.9466447595987548, "F1": 0.9389640563072297}