{"Dataset": "BreastTissue", "Method": "MLP", "Accuracy": 0.7, "Precision": 0.6804232804232804, "Recall": 0.7003968253968255, "F1": 0.6857786004844829}