{"Dataset": "bupa", "Method": "MLP", "Accuracy": 0.6350877192982456, "Precision": 0.6315594791872164, "Recall": 0.6364450127877237, "F1": 0.6301287810721774}