{"Dataset": "cleveland", "Method": "MLP", "Accuracy": 0.7861271676300579, "Precision": 0.7849598930481283, "Recall": 0.790950040950041, "F1": 0.784717317458716}