{"Dataset": "crx", "Method": "MLP", "Accuracy": 0.8407407407407408, "Precision": 0.8373554550025138, "Recall": 0.8380541871921182, "F1": 0.8376927485985097}