{"Dataset": "glass3", "Method": "MLP", "Accuracy": 0.7848101265822784, "Precision": 0.760822510822511, "Recall": 0.7892985151049667, "F1": 0.7727681594453372}