{"Dataset": "glass-0-1-2-3_vs_4-5-6", "Method": "MLP", "Accuracy": 0.9112903225806451, "Precision": 0.6764705882352942, "Recall": 0.9533898305084746, "F1": 0.7364251207729469}