{"Dataset": "house-votes-84", "Method": "MLP", "Accuracy": 0.9454545454545454, "Precision": 0.9309941520467836, "Recall": 0.9478609625668449, "F1": 0.9385804261401707}