{"Dataset": "kr-vs-kp", "Method": "MLP", "Accuracy": 0.9633286318758815, "Precision": 0.9633721014346343, "Recall": 0.963094865938436, "F1": 0.9632257559352431}