{"Dataset": "mfeat-karhunen", "Method": "MLP", "Accuracy": 0.9602941176470589, "Precision": 0.9610713742411324, "Recall": 0.9602941176470587, "F1": 0.9599490560586765}