{"Dataset": "mushroom", "Method": "MLP", "Accuracy": 0.9778593117408907, "Precision": 0.9777217186081733, "Recall": 0.9779835055332478, "F1": 0.977835512486072}