{"Dataset": "ttt", "Method": "MLP", "Accuracy": 0.7730414746543779, "Precision": 0.7496138996138997, "Recall": 0.7713991855925444, "F1": 0.7557419832215101}