{"Dataset": "Acoustic_Features", "Method": "LogisticRegression", "Accuracy": 0.7647058823529411, "Precision": 0.7855567226890756, "Recall": 0.7647058823529411, "F1": 0.7711115952227435}