{"Dataset": "adult", "Method": "LogisticRegression", "Accuracy": 0.7582739582369452, "Precision": 0.6949070959504496, "Recall": 0.7399658714474656, "F1": 0.7063788772150761}