{"Dataset": "bcwo", "Method": "LogisticRegression", "Accuracy": 0.9376026272577996, "Precision": 0.9195568289470644, "Recall": 0.9486336907644414, "F1": 0.9311069565838672}