{"Dataset": "bupa", "Method": "LogisticRegression", "Accuracy": 0.7017543859649122, "Precision": 0.6897966556564823, "Recall": 0.6881074168797954, "F1": 0.6888686248571172}