{"Dataset": "crx", "Method": "LogisticRegression", "Accuracy": 0.8314814814814815, "Precision": 0.8279976513679383, "Recall": 0.8283419167039856, "F1": 0.8281667977970103}