{"Dataset": "glass-0-1-2-3_vs_4-5-6", "Method": "LogisticRegression", "Accuracy": 0.9032258064516129, "Precision": 0.6666666666666666, "Recall": 0.9491525423728814, "F1": 0.7232142857142858}