{"Dataset": "iris", "Method": "LogisticRegression", "Accuracy": 0.9777777777777777, "Precision": 0.9791666666666666, "Recall": 0.9777777777777779, "F1": 0.9777530589543938}