{"Dataset": "kr-vs-kp", "Method": "LogisticRegression", "Accuracy": 0.9471086036671368, "Precision": 0.946878418142723, "Recall": 0.9471172662878431, "F1": 0.9469902578710869}