{"Dataset": "mfeat-karhunen", "Method": "LogisticRegression", "Accuracy": 0.9294117647058824, "Precision": 0.931451808570808, "Recall": 0.9294117647058824, "F1": 0.9296903054642447}