{"Dataset": "ttt", "Method": "LogisticRegression", "Accuracy": 0.7661290322580645, "Precision": 0.7364975545831092, "Recall": 0.7424331472230385, "F1": 0.7391823062451246}