{"Dataset": "wdbc", "Method": "LogisticRegression", "Accuracy": 0.972972972972973, "Precision": 0.9533082077051926, "Recall": 0.9700799027271148, "F1": 0.9613572905343479}