{"Dataset": "crx", "Method": "LogisticRegression", "Accuracy": 0.8222222222222222, "Precision": 0.8198198198198199, "Recall": 0.8159706672637708, "F1": 0.8175958114593742}