{"Dataset": "glass3", "Method": "LogisticRegression", "Accuracy": 0.6835443037974683, "Precision": 0.687978687978688, "Recall": 0.7229902713773683, "F1": 0.7034267173156062}