{"Dataset": "heart", "Method": "LogisticRegression", "Accuracy": 0.8428571428571429, "Precision": 0.8342749529190208, "Recall": 0.841711229946524, "F1": 0.8372437116888607}