{"Dataset": "iris", "Method": "LogisticRegression", "Accuracy": 0.9555555555555556, "Precision": 0.9607843137254902, "Recall": 0.9555555555555556, "F1": 0.9553571428571429}