{"Dataset": "kr-vs-kp", "Method": "LogisticRegression", "Accuracy": 0.9545133991537377, "Precision": 0.9543577089875879, "Recall": 0.9544521741471609, "F1": 0.9544038661070657}