{"Dataset": "mfeat-karhunen", "Method": "LogisticRegression", "Accuracy": 0.9308823529411765, "Precision": 0.9315368738374404, "Recall": 0.9308823529411765, "F1": 0.9308526985375385}