{"Dataset": "mushroom", "Method": "LogisticRegression", "Accuracy": 0.9906376518218624, "Precision": 0.9909602483043083, "Recall": 0.9903721154366472, "F1": 0.9906196765217671}