{"Dataset": "accent-mfcc-data-1", "Method": "SVM", "Accuracy": 0.7987804878048781, "Precision": 0.7653703703703704, "Recall": 0.7536255411255411, "F1": 0.7219557081699182}