{"Dataset": "Acoustic_Features", "Method": "SVM", "Accuracy": 0.7426470588235294, "Precision": 0.7475160256410256, "Recall": 0.7426470588235294, "F1": 0.7430700317649395}