{"Dataset": "adult", "Method": "SVM", "Accuracy": 0.7731100212825021, "Precision": 0.713838514476915, "Recall": 0.766376315123869, "F1": 0.7267433765371327}