{"Dataset": "adult_all", "Method": "SVM", "Accuracy": 0.7569504332470945, "Precision": 0.695172188081272, "Recall": 0.7434279267125006, "F1": 0.7064928026021202}