{"Dataset": "bcwo", "Method": "SVM", "Accuracy": 0.9376026272577996, "Precision": 0.9224668504348652, "Recall": 0.9392511241784849, "F1": 0.9299745824255629}