{"Dataset": "BreastTissue", "Method": "SVM", "Accuracy": 0.675, "Precision": 0.6509740259740259, "Recall": 0.6765873015873015, "F1": 0.6565513433934487}