{"Dataset": "bupa", "Method": "SVM", "Accuracy": 0.5649122807017544, "Precision": 0.5639036643026005, "Recall": 0.5663682864450128, "F1": 0.560360270700637}