{"Dataset": "cleveland", "Method": "SVM", "Accuracy": 0.7341040462427746, "Precision": 0.735427807486631, "Recall": 0.7403767403767404, "F1": 0.7330246913580247}