{"Dataset": "crx", "Method": "SVM", "Accuracy": 0.8092592592592592, "Precision": 0.8080617495711835, "Recall": 0.8141793551276311, "F1": 0.8080420775079292}