{"Dataset": "glass3", "Method": "SVM", "Accuracy": 0.6962025316455697, "Precision": 0.6610481716864696, "Recall": 0.7644649257552484, "F1": 0.682283457894826}