{"Dataset": "heart", "Method": "SVM", "Accuracy": 0.7714285714285715, "Precision": 0.7604278074866311, "Recall": 0.7604278074866311, "F1": 0.7604278074866311}