{"Dataset": "hepatitis", "Method": "SVM", "Accuracy": 0.6923076923076923, "Precision": 0.5892857142857143, "Recall": 0.5649350649350648, "F1": 0.5666666666666667}