{"Dataset": "house-votes-84", "Method": "SVM", "Accuracy": 0.9636363636363636, "Precision": 0.9582219251336899, "Recall": 0.9582219251336899, "F1": 0.9582219251336899}