{"Dataset": "iris", "Method": "SVM", "Accuracy": 0.9222222222222223, "Precision": 0.9248035914702583, "Recall": 0.9222222222222222, "F1": 0.9220272904483431}