{"Dataset": "kr-vs-kp", "Method": "SVM", "Accuracy": 0.9569816643159379, "Precision": 0.9566419291574666, "Recall": 0.957510733251466, "F1": 0.9569214832301168}