{"Dataset": "mfeat-karhunen", "Method": "SVM", "Accuracy": 0.9705882352941176, "Precision": 0.9710764396338245, "Recall": 0.9705882352941175, "F1": 0.9705470687634339}