{"Dataset": "mushroom", "Method": "SVM", "Accuracy": 0.9974696356275303, "Precision": 0.9975263798519112, "Recall": 0.9974100127537445, "F1": 0.9974658869395712}