{"Dataset": "ttt", "Method": "SVM", "Accuracy": 0.7914746543778802, "Precision": 0.769082540521494, "Recall": 0.7931027244867974, "F1": 0.7758747359065769}