{"Dataset": "wdbc", "Method": "SVM", "Accuracy": 0.972972972972973, "Precision": 0.9453125, "Recall": 0.9826732673267327, "F1": 0.9622582592584883}