{"Dataset": "Acoustic_Features", "Method": "MLP", "Accuracy": 0.7426470588235294, "Precision": 0.7475378787878788, "Recall": 0.7426470588235294, "F1": 0.7430667607906414}