{"Dataset": "adult_all", "Method": "MLP", "Accuracy": 0.8055316003449551, "Precision": 0.7374027019038716, "Recall": 0.7682632948238548, "F1": 0.7494778986841131}