{"Dataset": "adult", "Method": "MLP", "Accuracy": 0.78831621479905, "Precision": 0.7267775034542119, "Recall": 0.7765966041633441, "F1": 0.7411618196918044}