{"Dataset": "BreastTissue", "Method": "MLP", "Accuracy": 0.75, "Precision": 0.7597222222222223, "Recall": 0.7549603174603176, "F1": 0.7487734487734489}