{"Dataset": "bupa", "Method": "MLP", "Accuracy": 0.624561403508772, "Precision": 0.6242243671821137, "Recall": 0.6290281329923273, "F1": 0.6209022762024341}