{"Dataset": "crx", "Method": "MLP", "Accuracy": 0.8574074074074074, "Precision": 0.8548418143570142, "Recall": 0.8611733094491716, "F1": 0.856124069633459}