{"Dataset": "glass3", "Method": "MLP", "Accuracy": 0.7721518987341772, "Precision": 0.7238471673254282, "Recall": 0.8233486943164362, "F1": 0.745724087847144}