{"Dataset": "heart", "Method": "MLP", "Accuracy": 0.7928571428571428, "Precision": 0.7900326797385621, "Recall": 0.8037433155080214, "F1": 0.7897571332401221}