{"Dataset": "hepatitis", "Method": "MLP", "Accuracy": 0.8205128205128205, "Precision": 0.8257575757575758, "Recall": 0.7094155844155844, "F1": 0.7367405978784957}