{"Dataset": "house-votes-84", "Method": "MLP", "Accuracy": 0.9309090909090909, "Precision": 0.9149122807017545, "Recall": 0.9311497326203209, "F1": 0.9222018731108828}