{"Dataset": "kr-vs-kp", "Method": "MLP", "Accuracy": 0.9548660084626234, "Precision": 0.9546113749057787, "Recall": 0.9549649670461384, "F1": 0.9547709717273719}