{"Dataset": "mfeat-karhunen", "Method": "MLP", "Accuracy": 0.9558823529411765, "Precision": 0.9566668890727147, "Recall": 0.9558823529411764, "F1": 0.955844909485976}