{"Dataset": "mushroom", "Method": "MLP", "Accuracy": 0.989245951417004, "Precision": 0.9890715424303542, "Recall": 0.9895635618877183, "F1": 0.9892375374202785}