{"Dataset": "ttt", "Method": "MLP", "Accuracy": 0.7407834101382489, "Precision": 0.7187070076212521, "Recall": 0.7402501994038874, "F1": 0.7231605342874112}