{"Dataset": "wdbc", "Method": "MLP", "Accuracy": 0.9652509652509652, "Precision": 0.9384722449647944, "Recall": 0.9651294076776098, "F1": 0.950906678460858}