{"Dataset": "accent-mfcc-data-1", "Method": "MLP", "Accuracy": 0.8292682926829268, "Precision": 0.7198264304647283, "Recall": 0.8007395382395383, "F1": 0.753382884021692}