{"Dataset": "adult_all", "Method": "MLP", "Accuracy": 0.7598661245944726, "Precision": 0.7085962246216819, "Recall": 0.7701119104216182, "F1": 0.718553923404798}