{"Dataset": "adult", "Method": "MLP", "Accuracy": 0.7271213102618673, "Precision": 0.696667528049371, "Recall": 0.7652551184345605, "F1": 0.6948591401287361}