{"Dataset": "bcwo", "Method": "MLP", "Accuracy": 0.9638752052545156, "Precision": 0.9555185248254555, "Recall": 0.962642684192321, "F1": 0.9589471748988847}