{"Dataset": "bupa", "Method": "MLP", "Accuracy": 0.6877192982456141, "Precision": 0.6873830394957156, "Recall": 0.6946291560102302, "F1": 0.684675725065576}