{"Dataset": "crx", "Method": "MLP", "Accuracy": 0.8462962962962963, "Precision": 0.8443332097392164, "Recall": 0.8509012539184952, "F1": 0.8451230342339602}