{"Dataset": "glass-0-1-2-3_vs_4-5-6", "Method": "MLP", "Accuracy": 0.9274193548387096, "Precision": 0.7, "Recall": 0.961864406779661, "F1": 0.7658904971680303}