{"Dataset": "glass3", "Method": "MLP", "Accuracy": 0.8354430379746836, "Precision": 0.8388618605336872, "Recall": 0.8827444956477214, "F1": 0.8576923076923076}