{"Dataset": "heart", "Method": "MLP", "Accuracy": 0.7642857142857142, "Precision": 0.7569901315789473, "Recall": 0.767379679144385, "F1": 0.7588600657654365}