{"Dataset": "hepatitis", "Method": "MLP", "Accuracy": 0.6923076923076923, "Precision": 0.5676470588235294, "Recall": 0.5373376623376623, "F1": 0.528225806451613}