{"Dataset": "house-votes-84", "Method": "MLP", "Accuracy": 0.96, "Precision": 0.9528512746164068, "Recall": 0.955548128342246, "F1": 0.9541812453613245}