{"Dataset": "kr-vs-kp", "Method": "MLP", "Accuracy": 0.9552186177715092, "Precision": 0.9551843738590726, "Recall": 0.9550175675817165, "F1": 0.9550979786660171}