{"Dataset": "mfeat-karhunen", "Method": "MLP", "Accuracy": 0.9529411764705882, "Precision": 0.9536168292687929, "Recall": 0.9529411764705882, "F1": 0.9527551175249765}