{"Dataset": "mushroom", "Method": "MLP", "Accuracy": 0.9854504048582996, "Precision": 0.9858323055395948, "Recall": 0.9851356556791606, "F1": 0.9854209951495649}