{"Dataset": "ttt", "Method": "MLP", "Accuracy": 0.7580645161290323, "Precision": 0.7300410823062757, "Recall": 0.7434616514839847, "F1": 0.7350150024422581}