{"Dataset": "accent-mfcc-data-1", "Method": "SVM", "Accuracy": 0.7378048780487805, "Precision": 0.642811872223637, "Recall": 0.7416125541125541, "F1": 0.669672094343147}