{"Dataset": "Acoustic_Features", "Method": "SVM", "Accuracy": 0.7720588235294118, "Precision": 0.7724043711361868, "Recall": 0.7720588235294118, "F1": 0.764171826625387}