{"Dataset": "adult_all", "Method": "SVM", "Accuracy": 0.7230298550367541, "Precision": 0.674470128797697, "Recall": 0.7288102488752489, "F1": 0.6790800106362489}