{"Dataset": "adult", "Method": "SVM", "Accuracy": 0.7282317016748404, "Precision": 0.6842757332264967, "Recall": 0.7430752814528871, "F1": 0.6881913280386894}