{"Dataset": "bcwo", "Method": "SVM", "Accuracy": 0.9458128078817734, "Precision": 0.9318214294219915, "Recall": 0.9479851262538914, "F1": 0.9391142066851068}