{"Dataset": "BreastTissue", "Method": "SVM", "Accuracy": 0.6, "Precision": 0.5798100048100049, "Recall": 0.5876984126984127, "F1": 0.5718323586744639}