{"Dataset": "bupa", "Method": "SVM", "Accuracy": 0.6210526315789474, "Precision": 0.6272610457645547, "Recall": 0.6317135549872123, "F1": 0.6193609022556391}