{"Dataset": "crx", "Method": "SVM", "Accuracy": 0.8092592592592592, "Precision": 0.8056206911077101, "Recall": 0.8046070309001343, "F1": 0.8050876264635074}