{"Dataset": "glass3", "Method": "SVM", "Accuracy": 0.6835443037974683, "Precision": 0.6795698924731183, "Recall": 0.7314388120839733, "F1": 0.6915006017842212}