{"Dataset": "heart", "Method": "SVM", "Accuracy": 0.7285714285714285, "Precision": 0.7374358974358974, "Recall": 0.7475935828877005, "F1": 0.7271794871794872}