{"Dataset": "hepatitis", "Method": "SVM", "Accuracy": 0.6923076923076923, "Precision": 0.6055555555555556, "Recall": 0.5925324675324675, "F1": 0.596551724137931}