{"Dataset": "house-votes-84", "Method": "SVM", "Accuracy": 0.9490909090909091, "Precision": 0.9321428571428572, "Recall": 0.9595588235294118, "F1": 0.943428940872223}