{"Dataset": "iris", "Method": "SVM", "Accuracy": 0.9111111111111111, "Precision": 0.915266106442577, "Recall": 0.9111111111111111, "F1": 0.9112787356321839}