{"Dataset": "kr-vs-kp", "Method": "SVM", "Accuracy": 0.9569816643159379, "Precision": 0.9567110700334231, "Recall": 0.9577585291394503, "F1": 0.9569363459669582}