{"Dataset": "mfeat-karhunen", "Method": "SVM", "Accuracy": 0.9779411764705882, "Precision": 0.9780797562232755, "Recall": 0.9779411764705882, "F1": 0.9778946462370582}