{"Dataset": "mushroom", "Method": "SVM", "Accuracy": 0.9819078947368421, "Precision": 0.9817447359342222, "Recall": 0.9821125078765207, "F1": 0.9818907780985044}