{"Dataset": "ttt", "Method": "SVM", "Accuracy": 0.7453917050691244, "Precision": 0.7273242630385488, "Recall": 0.7525082910037362, "F1": 0.7306599832915621}