{"Dataset": "wdbc", "Method": "SVM", "Accuracy": 0.9498069498069498, "Precision": 0.9141826923076923, "Recall": 0.9489317352787909, "F1": 0.9299081957657639}