{"Dataset": "penguins_size_sample", "Method": "Logistic Regression", "Accuracy": 0.7878787878787878, "Precision": 0.7724358974358975, "Recall": 0.8555555555555555, "F1": 0.7839464882943145}