{"Dataset": "accent-mfcc-data-1", "Method": "LogisticRegression", "Accuracy": 0.6280487804878049, "Precision": 0.4624819624819625, "Recall": 0.5784632034632035, "F1": 0.4995036966099133}