{"Dataset": "Acoustic_Features", "Method": "LogisticRegression", "Accuracy": 0.7352941176470589, "Precision": 0.7382352941176471, "Recall": 0.7352941176470588, "F1": 0.7357799369747899}