{"Dataset": "bcwo", "Method": "LogisticRegression", "Accuracy": 0.9474548440065681, "Precision": 0.9398132134209616, "Recall": 0.9398132134209616, "F1": 0.9398132134209616}