{"Dataset": "BreastTissue", "Method": "LogisticRegression", "Accuracy": 0.675, "Precision": 0.675974025974026, "Recall": 0.667063492063492, "F1": 0.6632853501274553}