{"Dataset": "bupa", "Method": "LogisticRegression", "Accuracy": 0.6385964912280702, "Precision": 0.6546973803071364, "Recall": 0.6576726342710997, "F1": 0.6383115042939344}