{"Dataset": "cleveland", "Method": "LogisticRegression", "Accuracy": 0.7745664739884393, "Precision": 0.7697278911564626, "Recall": 0.7706115206115206, "F1": 0.7701427452049194}