{"Dataset": "crx", "Method": "LogisticRegression", "Accuracy": 0.8277777777777777, "Precision": 0.8253879560340072, "Recall": 0.8219043887147335, "F1": 0.8234021978021977}