{"Dataset": "heart", "Method": "LogisticRegression", "Accuracy": 0.8142857142857143, "Precision": 0.8053475935828878, "Recall": 0.8053475935828878, "F1": 0.8053475935828878}