{"Dataset": "hepatitis", "Method": "LogisticRegression", "Accuracy": 0.7948717948717948, "Precision": 0.7467532467532467, "Recall": 0.7467532467532467, "F1": 0.7467532467532467}