{"Dataset": "house-votes-84", "Method": "LogisticRegression", "Accuracy": 0.9418181818181818, "Precision": 0.9276772070059951, "Recall": 0.9421791443850267, "F1": 0.9343048256091735}