{"Dataset": "kr-vs-kp", "Method": "LogisticRegression", "Accuracy": 0.9347672778561354, "Precision": 0.9348484122420293, "Recall": 0.9343378290587296, "F1": 0.9345667450753263}