{"Dataset": "mfeat-karhunen", "Method": "LogisticRegression", "Accuracy": 0.9294117647058824, "Precision": 0.9305597658480383, "Recall": 0.9294117647058824, "F1": 0.9294765721933743}