{"Dataset": "ttt", "Method": "LogisticRegression", "Accuracy": 0.7407834101382489, "Precision": 0.7060483870967742, "Recall": 0.6900004197976575, "F1": 0.696047686118266}