{"Dataset": "penguins_size_sample", "Method": "Logistic Regression", "Accuracy": 0.9393939393939394, "Precision": 0.9511784511784511, "Recall": 0.9148148148148149, "F1": 0.9285714285714285}