{"Dataset": "Acoustic_Features", "Method": "LogisticRegression", "Accuracy": 0.7279411764705882, "Precision": 0.7220316734417345, "Recall": 0.7279411764705882, "F1": 0.7208310268966007}