{"Dataset": "bcwo", "Method": "LogisticRegression", "Accuracy": 0.9622331691297209, "Precision": 0.952312243419464, "Recall": 0.9627723970944311, "F1": 0.9572458083676977}