{"Dataset": "bupa", "Method": "LogisticRegression", "Accuracy": 0.7052631578947368, "Precision": 0.6951471477524693, "Recall": 0.6980818414322251, "F1": 0.6962853953110728}