{"Dataset": "crx", "Method": "LogisticRegression", "Accuracy": 0.8037037037037037, "Precision": 0.8003472222222222, "Recall": 0.8050548589341693, "F1": 0.8015696932719507}