{"Dataset": "glass3", "Method": "LogisticRegression", "Accuracy": 0.569620253164557, "Precision": 0.5657675657675657, "Recall": 0.5926779313876088, "F1": 0.5775561886672999}