{"Dataset": "heart", "Method": "LogisticRegression", "Accuracy": 0.85, "Precision": 0.8434539190353143, "Recall": 0.8411764705882353, "F1": 0.8422662159987124}