{"Dataset": "hepatitis", "Method": "LogisticRegression", "Accuracy": 0.7435897435897436, "Precision": 0.6834415584415584, "Recall": 0.6834415584415584, "F1": 0.6834415584415584}