{"Dataset": "kr-vs-kp", "Method": "LogisticRegression", "Accuracy": 0.9650916784203103, "Precision": 0.9650517043278437, "Recall": 0.9649508421819399, "F1": 0.9650001851189081}