{"Dataset": "mfeat-karhunen", "Method": "LogisticRegression", "Accuracy": 0.925, "Precision": 0.9251182801945733, "Recall": 0.925, "F1": 0.9244953169072497}