{"Dataset": "promoter", "Method": "LogisticRegression", "Accuracy": 0.8947368421052632, "Precision": 0.8947368421052632, "Recall": 0.8947368421052632, "F1": 0.8947368421052632}