{"Dataset": "ttt", "Method": "LogisticRegression", "Accuracy": 0.9631336405529954, "Precision": 0.9556304907267725, "Recall": 0.9618823726963603, "F1": 0.9586437730410287}