{"Dataset": "penguins_size_sample", "Method": "MLP", "Accuracy": 0.8484848484848485, "Precision": 0.5942028985507246, "Recall": 0.6666666666666666, "F1": 0.6260162601626017}