{"Dataset": "Acoustic_Features", "Method": "LogisticRegression", "Accuracy": 0.7573529411764706, "Precision": 0.7677825552825552, "Recall": 0.7573529411764706, "F1": 0.7612242484759302}