{"Dataset": "bupa", "Method": "LogisticRegression", "Accuracy": 0.6912280701754386, "Precision": 0.6802166649792447, "Recall": 0.6820971867007672, "F1": 0.681013431013431}