{"Dataset": "cleveland", "Method": "LogisticRegression", "Accuracy": 0.8265895953757225, "Precision": 0.8260504201680672, "Recall": 0.8177723177723177, "F1": 0.8208367854183927}