{"Dataset": "crx", "Method": "LogisticRegression", "Accuracy": 0.8574074074074074, "Precision": 0.8542378793163585, "Recall": 0.8553235557545902, "F1": 0.8547530137527029}