{"Dataset": "heart", "Method": "LogisticRegression", "Accuracy": 0.8214285714285714, "Precision": 0.8163390663390664, "Recall": 0.8304812834224599, "F1": 0.8180778626747751}