{"Dataset": "kr-vs-kp", "Method": "LogisticRegression", "Accuracy": 0.9478138222849083, "Precision": 0.9477115480990029, "Recall": 0.9476472603098296, "F1": 0.9476789293656571}