{"Dataset": "mfeat-karhunen", "Method": "LogisticRegression", "Accuracy": 0.9308823529411765, "Precision": 0.9326718601453823, "Recall": 0.9308823529411765, "F1": 0.9310800921091571}