{"Dataset": "mushroom", "Method": "LogisticRegression", "Accuracy": 0.9815283400809717, "Precision": 0.981797301752105, "Recall": 0.9812690757984811, "F1": 0.9814936920839951}