{"Dataset": "ttt", "Method": "LogisticRegression", "Accuracy": 0.9769585253456221, "Precision": 0.9773627617430674, "Recall": 0.9704462449099533, "F1": 0.9737851469300234}