{"Dataset": "accent-mfcc-data-1", "Method": "MLP", "Accuracy": 0.7987804878048781, "Precision": 0.6894668519244073, "Recall": 0.7497204184704184, "F1": 0.7078431372549018}