{"Dataset": "Acoustic_Features", "Method": "MLP", "Accuracy": 0.8014705882352942, "Precision": 0.8163865546218487, "Recall": 0.8014705882352942, "F1": 0.8014121251805225}