{"Dataset": "adult_all", "Method": "MLP", "Accuracy": 0.7477516323764938, "Precision": 0.7006265422530911, "Recall": 0.7632508515314451, "F1": 0.7078685810455023}