{"Dataset": "adult", "Method": "MLP", "Accuracy": 0.7670028685111502, "Precision": 0.7135096595535598, "Recall": 0.7728458462223542, "F1": 0.7249190992817496}