{"Dataset": "bcwo", "Method": "MLP", "Accuracy": 0.9458128078817734, "Precision": 0.9296628029504742, "Recall": 0.9533465928744379, "F1": 0.9396930186499423}