{"Dataset": "BreastTissue", "Method": "MLP", "Accuracy": 0.675, "Precision": 0.6833333333333332, "Recall": 0.683531746031746, "F1": 0.6637325637325637}