{"Dataset": "bupa", "Method": "MLP", "Accuracy": 0.6701754385964912, "Precision": 0.657967032967033, "Recall": 0.6588235294117647, "F1": 0.6583605386655784}