{"Dataset": "crx", "Method": "MLP", "Accuracy": 0.8296296296296296, "Precision": 0.8261867442901926, "Recall": 0.8261867442901926, "F1": 0.8261867442901925}