{"Dataset": "glass3", "Method": "MLP", "Accuracy": 0.7088607594936709, "Precision": 0.6916666666666665, "Recall": 0.7836661546338966, "F1": 0.7263494602159137}