{"Dataset": "house-votes-84", "Method": "MLP", "Accuracy": 0.9490909090909091, "Precision": 0.9343284450651769, "Recall": 0.9535427807486632, "F1": 0.9428308386790211}