{"Dataset": "iris", "Method": "MLP", "Accuracy": 0.9666666666666667, "Precision": 0.9676724137931035, "Recall": 0.9666666666666667, "F1": 0.9666484417714599}