{"Dataset": "kr-vs-kp", "Method": "MLP", "Accuracy": 0.9559238363892807, "Precision": 0.9557222365082119, "Recall": 0.9559369551419641, "F1": 0.9558237340820577}