{"Dataset": "mfeat-karhunen", "Method": "MLP", "Accuracy": 0.9588235294117647, "Precision": 0.9591694580864021, "Recall": 0.9588235294117649, "F1": 0.9587373969162327}