{"Dataset": "promoter", "Method": "MLP", "Accuracy": 0.8421052631578947, "Precision": 0.8421052631578947, "Recall": 0.8421052631578947, "F1": 0.8421052631578947}