{"Dataset": "ttt", "Method": "MLP", "Accuracy": 0.7695852534562212, "Precision": 0.750275236323602, "Recall": 0.7767516057260401, "F1": 0.7552599376307583}