{"Dataset": "accent-mfcc-data-1", "Method": "MLP", "Accuracy": 0.7926829268292683, "Precision": 0.7141147416413373, "Recall": 0.7761363636363637, "F1": 0.7376347345191566}