{"Dataset": "Acoustic_Features", "Method": "MLP", "Accuracy": 0.7352941176470589, "Precision": 0.7371279761904761, "Recall": 0.7352941176470589, "F1": 0.7328981683820393}