{"Dataset": "adult_all", "Method": "MLP", "Accuracy": 0.7800911666871997, "Precision": 0.7140413057789143, "Recall": 0.7570857421656687, "F1": 0.7273254062476384}