{"Dataset": "adult", "Method": "MLP", "Accuracy": 0.7845532216773079, "Precision": 0.7233445198416931, "Recall": 0.773681381053968, "F1": 0.737419699743941}