{"Dataset": "bcwo", "Method": "MLP", "Accuracy": 0.9540229885057471, "Precision": 0.9393553859202715, "Recall": 0.9607402282947077, "F1": 0.9486496904285817}