{"Dataset": "BreastTissue", "Method": "MLP", "Accuracy": 0.55, "Precision": 0.5266955266955267, "Recall": 0.5446428571428571, "F1": 0.5209551656920077}