{"Dataset": "bupa", "Method": "MLP", "Accuracy": 0.6736842105263158, "Precision": 0.6631801267223172, "Recall": 0.6659846547314578, "F1": 0.6641578287147907}