{"Dataset": "cleveland", "Method": "MLP", "Accuracy": 0.815028901734104, "Precision": 0.8126213592233009, "Recall": 0.8076713076713077, "F1": 0.8096809680968097}