{"Dataset": "crx", "Method": "MLP", "Accuracy": 0.85, "Precision": 0.8464272353161242, "Recall": 0.8498936408419167, "F1": 0.8477946933449325}