{"Dataset": "glass-0-1-2-3_vs_4-5-6", "Method": "MLP", "Accuracy": 0.9435483870967742, "Precision": 0.7228479485116653, "Recall": 0.8912429378531074, "F1": 0.7789661319073085}