{"Dataset": "glass3", "Method": "MLP", "Accuracy": 0.8227848101265823, "Precision": 0.8069687334393216, "Recall": 0.8776241679467486, "F1": 0.8311219224531917}