{"Dataset": "heart", "Method": "MLP", "Accuracy": 0.8071428571428572, "Precision": 0.8001644736842105, "Recall": 0.8122994652406417, "F1": 0.8027036901717208}