{"Dataset": "house-votes-84", "Method": "MLP", "Accuracy": 0.9745454545454545, "Precision": 0.9694635737586081, "Recall": 0.9722593582887701, "F1": 0.9708426106844792}