{"Dataset": "kr-vs-kp", "Method": "MLP", "Accuracy": 0.9545133991537377, "Precision": 0.9541742304813771, "Recall": 0.955053964160837, "F1": 0.9544509616750567}