{"Dataset": "mushroom", "Method": "MLP", "Accuracy": 0.9719129554655871, "Precision": 0.9743055555555555, "Recall": 0.9708355228586443, "F1": 0.9717936723645542}