{"Dataset": "promoter", "Method": "MLP", "Accuracy": 0.9473684210526315, "Precision": 0.9473684210526315, "Recall": 0.9473684210526315, "F1": 0.9473684210526315}