{"Dataset": "ttt", "Method": "MLP", "Accuracy": 0.6935483870967742, "Precision": 0.6979679655749462, "Recall": 0.7234792829856009, "F1": 0.6858358914070495}