{"Dataset": "wdbc", "Method": "MLP", "Accuracy": 0.9652509652509652, "Precision": 0.9349358974358974, "Recall": 0.9714260899774187, "F1": 0.9514749047609135}