{"Dataset": "accent-mfcc-data-1", "Method": "SVM", "Accuracy": 0.7987804878048781, "Precision": 0.687891737891738, "Recall": 0.7512355699855701, "F1": 0.7111639113038569}