{"Dataset": "Acoustic_Features", "Method": "SVM", "Accuracy": 0.7205882352941176, "Precision": 0.7452768856110021, "Recall": 0.7205882352941176, "F1": 0.7229480787530324}