{"Dataset": "adult_all", "Method": "SVM", "Accuracy": 0.7939099010307585, "Precision": 0.7238278800250855, "Recall": 0.7546023794425953, "F1": 0.735548360400694}