{"Dataset": "adult", "Method": "SVM", "Accuracy": 0.7866197834736744, "Precision": 0.7242522310654116, "Recall": 0.7724850545652258, "F1": 0.738403302012119}