{"Dataset": "bcwo", "Method": "SVM", "Accuracy": 0.9425287356321839, "Precision": 0.927057018061622, "Recall": 0.9469041854029747, "F1": 0.9357356705469478}