{"Dataset": "BreastTissue", "Method": "SVM", "Accuracy": 0.625, "Precision": 0.6638888888888889, "Recall": 0.6184523809523809, "F1": 0.6271554153907095}