{"Dataset": "bupa", "Method": "SVM", "Accuracy": 0.624561403508772, "Precision": 0.6299999999999999, "Recall": 0.6346547314578006, "F1": 0.622703371481596}