{"Dataset": "cleveland", "Method": "SVM", "Accuracy": 0.8092485549132948, "Precision": 0.8138568748324846, "Recall": 0.8196833196833198, "F1": 0.8088397790055248}