{"Dataset": "crx", "Method": "SVM", "Accuracy": 0.8407407407407408, "Precision": 0.8373793103448276, "Recall": 0.8423085535154501, "F1": 0.8388820272276885}