{"Dataset": "glass3", "Method": "SVM", "Accuracy": 0.6075949367088608, "Precision": 0.5752136752136753, "Recall": 0.6641065028161802, "F1": 0.6054189435336976}