{"Dataset": "glass-0-1-2-3_vs_4-5-6", "Method": "SVM", "Accuracy": 0.8951612903225806, "Precision": 0.6423859263331501, "Recall": 0.865819209039548, "F1": 0.6885024154589372}