{"Dataset": "heart", "Method": "SVM", "Accuracy": 0.7642857142857142, "Precision": 0.7642857142857142, "Recall": 0.7770053475935829, "F1": 0.7615483870967742}