{"Dataset": "iris", "Method": "SVM", "Accuracy": 0.9555555555555556, "Precision": 0.9555555555555556, "Recall": 0.9555555555555556, "F1": 0.9555555555555556}