{"Dataset": "kr-vs-kp", "Method": "SVM", "Accuracy": 0.9481664315937941, "Precision": 0.9481805336861705, "Recall": 0.9478768579082537, "F1": 0.9480190695995496}