{"Dataset": "mfeat-karhunen", "Method": "SVM", "Accuracy": 0.9676470588235294, "Precision": 0.9685607790503147, "Recall": 0.9676470588235293, "F1": 0.967666691280427}