{"Dataset": "mushroom", "Method": "SVM", "Accuracy": 0.9932945344129555, "Precision": 0.9931354612855596, "Recall": 0.993524070160213, "F1": 0.9932882945779096}