{"Dataset": "ttt", "Method": "SVM", "Accuracy": 0.7592165898617511, "Precision": 0.7389891304347826, "Recall": 0.7637168884597624, "F1": 0.7437882650359082}