{"Dataset": "penguins_size_sample", "Method": "Logistic Regression", "Accuracy": 0.7575757575757576, "Precision": 0.8273809523809524, "Recall": 0.7555555555555555, "F1": 0.7564102564102564}