{"Dataset": "Acoustic_Features", "Method": "MLP", "Accuracy": 0.7279411764705882, "Precision": 0.7367919389978214, "Recall": 0.7279411764705882, "F1": 0.7287656928657306}