{"Dataset": "adult_all", "Method": "MLP", "Accuracy": 0.8067841156420681, "Precision": 0.7376819062808777, "Recall": 0.7634106260730136, "F1": 0.748261063474847}