{"Dataset": "adult", "Method": "MLP", "Accuracy": 0.7911847259492304, "Precision": 0.727937729608003, "Recall": 0.7742534643417314, "F1": 0.7422802225115306}