{"Dataset": "bcwo", "Method": "MLP", "Accuracy": 0.9425287356321839, "Precision": 0.9276034997865984, "Recall": 0.9455638187478381, "F1": 0.9355810699314859}