{"Dataset": "BreastTissue", "Method": "MLP", "Accuracy": 0.725, "Precision": 0.7380952380952381, "Recall": 0.7242063492063492, "F1": 0.7271062271062272}