{"Dataset": "bupa", "Method": "MLP", "Accuracy": 0.6526315789473685, "Precision": 0.6485392814844059, "Recall": 0.6539641943734016, "F1": 0.6476164308284105}