{"Dataset": "cleveland", "Method": "MLP", "Accuracy": 0.8092485549132948, "Precision": 0.8096765570703021, "Recall": 0.8162708162708163, "F1": 0.8083263387611214}