{"Dataset": "crx", "Method": "MLP", "Accuracy": 0.8425925925925926, "Precision": 0.8418529036506565, "Recall": 0.848718092252575, "F1": 0.8416799174941967}