{"Dataset": "glass-0-1-2-3_vs_4-5-6", "Method": "MLP", "Accuracy": 0.9274193548387096, "Precision": 0.6878031878031878, "Recall": 0.8827683615819208, "F1": 0.743507239715008}