{"Dataset": "glass3", "Method": "MLP", "Accuracy": 0.759493670886076, "Precision": 0.6848484848484849, "Recall": 0.7734254992319509, "F1": 0.7097893311934117}