{"Dataset": "heart", "Method": "MLP", "Accuracy": 0.7857142857142857, "Precision": 0.7842416819759135, "Recall": 0.7978609625668449, "F1": 0.78287841191067}