{"Dataset": "kr-vs-kp", "Method": "MLP", "Accuracy": 0.9481664315937941, "Precision": 0.9479716582401634, "Recall": 0.948124653796238, "F1": 0.9480451892149763}