{"Dataset": "mfeat-karhunen", "Method": "MLP", "Accuracy": 0.9544117647058824, "Precision": 0.956258574484683, "Recall": 0.9544117647058823, "F1": 0.954636153857912}