{"Dataset": "mushroom", "Method": "MLP", "Accuracy": 0.9854504048582996, "Precision": 0.9852986299386296, "Recall": 0.9856317771097856, "F1": 0.9854359508944026}