{"Dataset": "ttt", "Method": "MLP", "Accuracy": 0.7131336405529954, "Precision": 0.6934172638507003, "Recall": 0.7143067041685907, "F1": 0.6958350631530802}