{"Dataset": "penguins_size_sample", "Method": "MLP", "Accuracy": 0.8484848484848485, "Precision": 0.5538847117794486, "Recall": 0.6666666666666666, "F1": 0.6021021021021021}