{"Dataset": "adult_all", "Method": "LogisticRegression", "Accuracy": 0.7254732865180075, "Precision": 0.6818117326442499, "Recall": 0.7409372592543444, "F1": 0.6851447863592799}