{"Dataset": "bupa", "Method": "LogisticRegression", "Accuracy": 0.7052631578947368, "Precision": 0.6938618925831201, "Recall": 0.6938618925831201, "F1": 0.6938618925831201}