{"Dataset": "crx", "Method": "LogisticRegression", "Accuracy": 0.8425925925925926, "Precision": 0.8395077880761868, "Recall": 0.8449955217196596, "F1": 0.8409425625920471}