{"Dataset": "heart", "Method": "LogisticRegression", "Accuracy": 0.7642857142857142, "Precision": 0.7534965034965035, "Recall": 0.7481283422459892, "F1": 0.7504186699800118}