{"Dataset": "kr-vs-kp", "Method": "LogisticRegression", "Accuracy": 0.9471086036671368, "Precision": 0.9469756686375663, "Recall": 0.9469756686375663, "F1": 0.9469756686375663}