{"Dataset": "mfeat-karhunen", "Method": "LogisticRegression", "Accuracy": 0.9176470588235294, "Precision": 0.9204667265543541, "Recall": 0.9176470588235294, "F1": 0.9181619192768112}