{"Dataset": "promoter", "Method": "LogisticRegression", "Accuracy": 0.8157894736842105, "Precision": 0.8238636363636364, "Recall": 0.8157894736842105, "F1": 0.8146341463414635}