{"Dataset": "ttt", "Method": "LogisticRegression", "Accuracy": 0.9758064516129032, "Precision": 0.9730673106961767, "Recall": 0.972230384954452, "F1": 0.9726470177776376}