{"Dataset": "penguins_size_sample", "Method": "SVM", "Accuracy": 0.9411764705882353, "Precision": 0.9666666666666667, "Recall": 0.8888888888888888, "F1": 0.9157894736842106}