{"Dataset": "penguins_size_sample", "Method": "Logistic Regression", "Accuracy": 0.9696969696969697, "Precision": 0.9824561403508771, "Recall": 0.9333333333333332, "F1": 0.953953953953954}