Dataset,Method,Style,Accuracy Mean,Accuracy Std,Precision Mean,Precision Std,Recall Mean,Recall Std,F1 Mean,F1 Std
penguins_size_sample,SVM,mix,0.9588235294117646,0.026956327617387303,0.9766666666666668,0.015275252316519465,0.9222222222222223,0.05091750772173158,0.9410526315789474,0.03859011111541757
penguins_size_sample,SVM,raw,0.9696969696969695,2.220446049250313e-16,0.982456140350877,1.1102230246251565e-16,0.9333333333333332,0.0,0.953953953953954,0.0
penguins_size_sample,SVM,synthetic,0.9757575757575758,0.026417569354791965,0.9749269005847954,0.03695397766924627,0.9659259259259259,0.03097855357974298,0.9668762868762869,0.032546528165589825
