{"Dataset": "accent-mfcc-data-1", "Method": "SVM", "Accuracy": 0.823170731707317, "Precision": 0.7277092188856895, "Recall": 0.7814935064935065, "F1": 0.750758867446847}