{"Dataset": "Acoustic_Features", "Method": "SVM", "Accuracy": 0.7279411764705882, "Precision": 0.7357080076592273, "Recall": 0.7279411764705882, "F1": 0.727466445176435}