{"Dataset": "adult", "Method": "SVM", "Accuracy": 0.6952284013448073, "Precision": 0.6740094535208219, "Recall": 0.7369238336844507, "F1": 0.6642915443981932}