{"Dataset": "adult_all", "Method": "SVM", "Accuracy": 0.7489836146359492, "Precision": 0.6946225252499643, "Recall": 0.7501676230116983, "F1": 0.7039483781423326}