{"Dataset": "bcwo", "Method": "SVM", "Accuracy": 0.9589490968801314, "Precision": 0.9524419693460155, "Recall": 0.9536492563126946, "F1": 0.9530418690724034}