{"Dataset": "BreastTissue", "Method": "SVM", "Accuracy": 0.55, "Precision": 0.5456349206349206, "Recall": 0.5545634920634921, "F1": 0.5306812468577174}