{"Dataset": "bupa", "Method": "SVM", "Accuracy": 0.6771929824561403, "Precision": 0.6632888795547621, "Recall": 0.659079283887468, "F1": 0.6606088847468157}