{"Dataset": "crx", "Method": "SVM", "Accuracy": 0.8296296296296296, "Precision": 0.8278323905760887, "Recall": 0.8341636811464398, "F1": 0.8283842975777591}