{"Dataset": "glass3", "Method": "SVM", "Accuracy": 0.7721518987341772, "Precision": 0.746031746031746, "Recall": 0.8402457757296466, "F1": 0.7789321789321789}