{"Dataset": "heart", "Method": "SVM", "Accuracy": 0.75, "Precision": 0.7425986842105263, "Recall": 0.7524064171122995, "F1": 0.7442455242966752}