{"Dataset": "hepatitis", "Method": "SVM", "Accuracy": 0.7692307692307693, "Precision": 0.7272727272727273, "Recall": 0.6461038961038961, "F1": 0.6615236258437801}