{"Dataset": "kr-vs-kp", "Method": "SVM", "Accuracy": 0.9534555712270804, "Precision": 0.9531528974085058, "Recall": 0.953657183114181, "F1": 0.953366419516862}