{"Dataset": "mushroom", "Method": "SVM", "Accuracy": 0.9874746963562753, "Precision": 0.9877659384980064, "Recall": 0.9872188784142168, "F1": 0.9874510643131511}