{"Dataset": "promoter", "Method": "SVM", "Accuracy": 0.9473684210526315, "Precision": 0.9523809523809523, "Recall": 0.9473684210526316, "F1": 0.9472222222222222}