{"Dataset": "ttt", "Method": "SVM", "Accuracy": 0.761520737327189, "Precision": 0.7346812623628844, "Recall": 0.7504512824818437, "F1": 0.7401359225828472}