{"Dataset": "wdbc", "Method": "SVM", "Accuracy": 0.9305019305019305, "Precision": 0.8851057213930348, "Recall": 0.9302588153552198, "F1": 0.904576715244801}