{"Dataset": "Acoustic_Features", "Method": "MLP", "Accuracy": 0.75, "Precision": 0.757505002559449, "Recall": 0.75, "F1": 0.7502751956947163}