{"Dataset": "adult_all", "Method": "MLP", "Accuracy": 0.777770933431892, "Precision": 0.7207932251778484, "Recall": 0.7787059973998904, "F1": 0.7340582815647069}