{"Dataset": "adult", "Method": "MLP", "Accuracy": 0.7678665062767959, "Precision": 0.7135196196468002, "Recall": 0.7719598898802773, "F1": 0.7252001568572657}