{"Dataset": "bcwo", "Method": "MLP", "Accuracy": 0.9573070607553367, "Precision": 0.9472222222222222, "Recall": 0.9564597025250778, "F1": 0.9516075794621026}