{"Dataset": "BreastTissue", "Method": "MLP", "Accuracy": 0.625, "Precision": 0.6402116402116402, "Recall": 0.6240079365079365, "F1": 0.6256604506604506}