{"Dataset": "bupa", "Method": "MLP", "Accuracy": 0.6491228070175439, "Precision": 0.6468414309648172, "Recall": 0.6524296675191816, "F1": 0.6449217581979467}