{"Dataset": "cleveland", "Method": "MLP", "Accuracy": 0.8034682080924855, "Precision": 0.8005226480836236, "Recall": 0.8061015561015561, "F1": 0.8015519568151146}