{"Dataset": "crx", "Method": "MLP", "Accuracy": 0.8166666666666667, "Precision": 0.818705302603945, "Recall": 0.8249272279444693, "F1": 0.8160604736460007}