{"Dataset": "glass3", "Method": "MLP", "Accuracy": 0.7088607594936709, "Precision": 0.6657407407407407, "Recall": 0.7388632872503841, "F1": 0.692833977520103}