{"Dataset": "heart", "Method": "MLP", "Accuracy": 0.8071428571428572, "Precision": 0.8011111111111111, "Recall": 0.7898395721925133, "F1": 0.7942857142857143}