{"Dataset": "hepatitis", "Method": "MLP", "Accuracy": 0.7692307692307693, "Precision": 0.7175925925925926, "Recall": 0.7288961038961039, "F1": 0.7225296442687748}