{"Dataset": "house-votes-84", "Method": "MLP", "Accuracy": 0.9672727272727273, "Precision": 0.956871085903344, "Recall": 0.9699197860962567, "F1": 0.9629429995957419}