{"Dataset": "iris", "Method": "MLP", "Accuracy": 0.9777777777777777, "Precision": 0.9777777777777779, "Recall": 0.9777777777777779, "F1": 0.9777777777777779}