{"Dataset": "kr-vs-kp", "Method": "MLP", "Accuracy": 0.9506346967559943, "Precision": 0.9509324076270869, "Recall": 0.9501212305234675, "F1": 0.9504690618762475}