{"Dataset": "mfeat-karhunen", "Method": "MLP", "Accuracy": 0.9573529411764706, "Precision": 0.9580104147006361, "Recall": 0.9573529411764705, "F1": 0.9575279365197297}