{"Dataset": "mushroom", "Method": "MLP", "Accuracy": 0.9838056680161943, "Precision": 0.9838205408183915, "Recall": 0.9837460925147856, "F1": 0.9837823045224215}