{"Dataset": "ttt", "Method": "MLP", "Accuracy": 0.738479262672811, "Precision": 0.7124977809337831, "Recall": 0.7297132781999076, "F1": 0.7174118507576138}