{"Dataset": "wdbc", "Method": "MLP", "Accuracy": 0.9382239382239382, "Precision": 0.8999433106575964, "Recall": 0.9289126281049157, "F1": 0.9132328308207704}