{"Dataset": "Acoustic_Features", "Method": "SVM", "Accuracy": 0.6985294117647058, "Precision": 0.7167519181585679, "Recall": 0.698529411764706, "F1": 0.7008420303605314}