{"Dataset": "adult_all", "Method": "SVM", "Accuracy": 0.748244425280276, "Precision": 0.7011434634933086, "Recall": 0.7639291264751975, "F1": 0.7084392895562802}