{"Dataset": "adult", "Method": "SVM", "Accuracy": 0.7142284321890133, "Precision": 0.6715602624138404, "Recall": 0.7271255118956603, "F1": 0.6733432798185455}