{"Dataset": "bcwo", "Method": "SVM", "Accuracy": 0.9458128078817734, "Precision": 0.9364811864199044, "Recall": 0.9399429263230716, "F1": 0.9381792454281188}