{"Dataset": "BreastTissue", "Method": "SVM", "Accuracy": 0.7, "Precision": 0.6944444444444445, "Recall": 0.6878968253968254, "F1": 0.6809764309764309}