{"Dataset": "bupa", "Method": "SVM", "Accuracy": 0.5859649122807018, "Precision": 0.6019561500553153, "Recall": 0.6037084398976982, "F1": 0.5857149896521139}