{"Dataset": "crx", "Method": "SVM", "Accuracy": 0.8, "Precision": 0.796221322537112, "Recall": 0.7948947604120018, "F1": 0.7955119214586255}