{"Dataset": "glass-0-1-2-3_vs_4-5-6", "Method": "SVM", "Accuracy": 0.8629032258064516, "Precision": 0.6141932501155802, "Recall": 0.8488700564971752, "F1": 0.6467236467236468}