{"Dataset": "glass3", "Method": "SVM", "Accuracy": 0.6708860759493671, "Precision": 0.7128747795414462, "Recall": 0.7514080901177675, "F1": 0.7291482463896256}