{"Dataset": "heart", "Method": "SVM", "Accuracy": 0.7285714285714285, "Precision": 0.73359231241055, "Recall": 0.7443850267379679, "F1": 0.7265625}