{"Dataset": "hepatitis", "Method": "SVM", "Accuracy": 0.7435897435897436, "Precision": 0.6777777777777778, "Recall": 0.6558441558441558, "F1": 0.6637931034482759}