{"Dataset": "house-votes-84", "Method": "SVM", "Accuracy": 0.9454545454545454, "Precision": 0.9325002954035212, "Recall": 0.9448529411764706, "F1": 0.9382383326595698}