{"Dataset": "iris", "Method": "SVM", "Accuracy": 0.8777777777777778, "Precision": 0.8879279279279279, "Recall": 0.8777777777777778, "F1": 0.8770629610567852}