{"Dataset": "kr-vs-kp", "Method": "SVM", "Accuracy": 0.9523977433004231, "Precision": 0.952100001593778, "Recall": 0.9525789967806478, "F1": 0.9523050859999619}