{"Dataset": "mfeat-karhunen", "Method": "SVM", "Accuracy": 0.9705882352941176, "Precision": 0.9709713567294346, "Recall": 0.9705882352941175, "F1": 0.9705705814001847}