{"Dataset": "mushroom", "Method": "SVM", "Accuracy": 0.9916497975708503, "Precision": 0.9918559836062207, "Recall": 0.9914605307127248, "F1": 0.9916352165235004}