{"Dataset": "ttt", "Method": "SVM", "Accuracy": 0.7304147465437788, "Precision": 0.7175579050950066, "Recall": 0.7439654086730196, "F1": 0.7177306383830298}