{"Dataset": "wdbc", "Method": "SVM", "Accuracy": 0.9652509652509652, "Precision": 0.946946302967919, "Recall": 0.952536043077992, "F1": 0.9497033121156542}