{"Dataset": "penguins_size_sample", "Method": "MLP", "Accuracy": 0.8181818181818182, "Precision": 0.5370370370370371, "Recall": 0.6481481481481481, "F1": 0.5814814814814815}