{"Dataset": "Acoustic_Features", "Method": "LogisticRegression", "Accuracy": 0.7205882352941176, "Precision": 0.712979094076655, "Recall": 0.7205882352941176, "F1": 0.7136730072463768}