{"Dataset": "bcwo", "Method": "LogisticRegression", "Accuracy": 0.9622331691297209, "Precision": 0.9541447175885279, "Recall": 0.9600916637841577, "F1": 0.95702543743116}