{"Dataset": "BreastTissue", "Method": "LogisticRegression", "Accuracy": 0.65, "Precision": 0.6448412698412699, "Recall": 0.6448412698412698, "F1": 0.6362207237207237}