{"Dataset": "bupa", "Method": "LogisticRegression", "Accuracy": 0.7052631578947368, "Precision": 0.6935840707964602, "Recall": 0.6924552429667519, "F1": 0.6929824561403508}