{"Dataset": "cleveland", "Method": "LogisticRegression", "Accuracy": 0.8034682080924855, "Precision": 0.7992765492765492, "Recall": 0.7992765492765492, "F1": 0.7992765492765492}