{"Dataset": "crx", "Method": "LogisticRegression", "Accuracy": 0.812962962962963, "Precision": 0.8097602291663797, "Recall": 0.8147671294223018, "F1": 0.8110023390799619}