{"Dataset": "echocardiogram", "Method": "LogisticRegression", "Accuracy": 0.5172413793103449, "Precision": 0.46969696969696967, "Recall": 0.4666666666666667, "F1": 0.46578947368421053}