{"Dataset": "heart", "Method": "LogisticRegression", "Accuracy": 0.8571428571428571, "Precision": 0.8518759488180438, "Recall": 0.8470588235294119, "F1": 0.8492678725236865}