{"Dataset": "house-votes-84", "Method": "LogisticRegression", "Accuracy": 0.9527272727272728, "Precision": 0.9406238922367954, "Recall": 0.9532085561497327, "F1": 0.9464732216382937}