{"Dataset": "iris", "Method": "LogisticRegression", "Accuracy": 0.9444444444444444, "Precision": 0.9472502805836139, "Recall": 0.9444444444444445, "F1": 0.9443052074631022}