{"Dataset": "kr-vs-kp", "Method": "LogisticRegression", "Accuracy": 0.9636812411847673, "Precision": 0.9635750693979133, "Recall": 0.9636076588374135, "F1": 0.9635912434415241}