{"Dataset": "mfeat-karhunen", "Method": "LogisticRegression", "Accuracy": 0.9308823529411765, "Precision": 0.9307357035366239, "Recall": 0.9308823529411766, "F1": 0.9303711083977187}