{"Dataset": "penguins_size_sample", "Method": "LogisticRegression", "Accuracy": 0.9393939393939394, "Precision": 0.9157894736842106, "Recall": 0.9, "F1": 0.9067804646752015}