{"Dataset": "ttt", "Method": "LogisticRegression", "Accuracy": 0.7569124423963134, "Precision": 0.7250669714173363, "Recall": 0.7196801141849629, "F1": 0.7221557249592293}