{"Dataset": "accent-mfcc-data-1", "Method": "MLP", "Accuracy": 0.7987804878048781, "Precision": 0.672184065934066, "Recall": 0.7777236652236653, "F1": 0.7159846518024571}