{"Dataset": "Acoustic_Features", "Method": "MLP", "Accuracy": 0.7426470588235294, "Precision": 0.7574971056075708, "Recall": 0.7426470588235294, "F1": 0.7459080800438528}