{"Dataset": "adult", "Method": "MLP", "Accuracy": 0.7253631905246599, "Precision": 0.6792766199365519, "Recall": 0.7354613566902273, "F1": 0.6835502047862632}