{"Dataset": "adult_all", "Method": "MLP", "Accuracy": 0.7796805059340479, "Precision": 0.7172591593356583, "Recall": 0.7668066384977481, "F1": 0.7309426982675555}