{"Dataset": "bcwo", "Method": "MLP", "Accuracy": 0.9540229885057471, "Precision": 0.9453300733496333, "Recall": 0.9500172950536148, "F1": 0.9476148344761484}