{"Dataset": "BreastTissue", "Method": "MLP", "Accuracy": 0.7, "Precision": 0.7073232323232324, "Recall": 0.6839285714285714, "F1": 0.6814704058125111}