{"Dataset": "bupa", "Method": "MLP", "Accuracy": 0.6526315789473685, "Precision": 0.6614702091801328, "Recall": 0.666624040920716, "F1": 0.6515333028689992}