{"Dataset": "cleveland", "Method": "MLP", "Accuracy": 0.7861271676300579, "Precision": 0.7819822246162134, "Recall": 0.7858312858312858, "F1": 0.7832300450404687}