{"Dataset": "crx", "Method": "MLP", "Accuracy": 0.8333333333333334, "Precision": 0.8299652933273622, "Recall": 0.8299652933273622, "F1": 0.8299652933273624}