{"Dataset": "glass3", "Method": "MLP", "Accuracy": 0.7468354430379747, "Precision": 0.7048850574712643, "Recall": 0.8102918586789555, "F1": 0.7405149051490514}