{"Dataset": "heart", "Method": "MLP", "Accuracy": 0.7642857142857142, "Precision": 0.7590090090090089, "Recall": 0.7705882352941177, "F1": 0.7598627787307032}