{"Dataset": "kr-vs-kp", "Method": "MLP", "Accuracy": 0.9358251057827927, "Precision": 0.93546529367465, "Recall": 0.936194802468785, "F1": 0.935724859881609}