{"Dataset": "mfeat-karhunen", "Method": "MLP", "Accuracy": 0.9661764705882353, "Precision": 0.966917448216018, "Recall": 0.9661764705882353, "F1": 0.9662390591572908}