{"Dataset": "mushroom", "Method": "MLP", "Accuracy": 0.9853238866396761, "Precision": 0.9860574009621419, "Recall": 0.9848357900897275, "F1": 0.9852876991156805}