{"Dataset": "penguins_size_sample", "Method": "MLP", "Accuracy": 0.9393939393939394, "Precision": 0.9666666666666667, "Recall": 0.8666666666666667, "F1": 0.8991228070175438}