{"Dataset": "ttt", "Method": "MLP", "Accuracy": 0.717741935483871, "Precision": 0.6940354912914887, "Recall": 0.7124595944754628, "F1": 0.6977952095723289}