{"Dataset": "wdbc", "Method": "MLP", "Accuracy": 0.9691119691119691, "Precision": 0.9550112906027445, "Recall": 0.9550112906027445, "F1": 0.9550112906027445}