{"Dataset": "Acoustic_Features", "Method": "MLP", "Accuracy": 0.7426470588235294, "Precision": 0.7647005772005772, "Recall": 0.7426470588235294, "F1": 0.7479794429496047}