{"Dataset": "adult_all", "Method": "MLP", "Accuracy": 0.7798037041599934, "Precision": 0.7217406164377704, "Recall": 0.7783264146288567, "F1": 0.7353510549563309}