{"Dataset": "adult", "Method": "MLP", "Accuracy": 0.7388729527158323, "Precision": 0.6894625478224499, "Recall": 0.7464605128079302, "F1": 0.6963950812877406}