{"Dataset": "bcwo", "Method": "MLP", "Accuracy": 0.9540229885057471, "Precision": 0.9463061269630613, "Recall": 0.948676928398478, "F1": 0.9474767138140061}