{"Dataset": "BreastTissue", "Method": "MLP", "Accuracy": 0.75, "Precision": 0.7539502164502164, "Recall": 0.735515873015873, "F1": 0.7359677603098657}