{"Dataset": "bupa", "Method": "MLP", "Accuracy": 0.624561403508772, "Precision": 0.6349135360763267, "Recall": 0.6388746803069054, "F1": 0.6236532599439707}