{"Dataset": "cleveland", "Method": "MLP", "Accuracy": 0.8034682080924855, "Precision": 0.799731182795699, "Recall": 0.8043953043953045, "F1": 0.8010687229437229}