{"Dataset": "crx", "Method": "MLP", "Accuracy": 0.8277777777777777, "Precision": 0.8248089400571421, "Recall": 0.8229679802955665, "F1": 0.8238135834043763}