{"Dataset": "glass3", "Method": "MLP", "Accuracy": 0.7721518987341772, "Precision": 0.7404536319265, "Recall": 0.8261648745519713, "F1": 0.7710615280594997}