{"Dataset": "heart", "Method": "MLP", "Accuracy": 0.7571428571428571, "Precision": 0.7530157432017992, "Recall": 0.7647058823529411, "F1": 0.7530608009960572}