{"Dataset": "hepatitis", "Method": "MLP", "Accuracy": 0.7692307692307693, "Precision": 0.7157258064516129, "Recall": 0.6737012987012987, "F1": 0.686886708296164}