{"Dataset": "iris", "Method": "MLP", "Accuracy": 0.9555555555555556, "Precision": 0.9568452380952381, "Recall": 0.9555555555555556, "F1": 0.9555061179087875}