{"Dataset": "kr-vs-kp", "Method": "MLP", "Accuracy": 0.9580394922425952, "Precision": 0.9577647405742613, "Recall": 0.9581995260467382, "F1": 0.9579551767230816}