{"Dataset": "mfeat-karhunen", "Method": "MLP", "Accuracy": 0.9691176470588235, "Precision": 0.9700562514926231, "Recall": 0.9691176470588235, "F1": 0.9692777939430075}