{"Dataset": "mushroom", "Method": "MLP", "Accuracy": 0.9898785425101214, "Precision": 0.9899787557215871, "Recall": 0.9897617411772068, "F1": 0.9898625434511665}