{"Dataset": "ttt", "Method": "MLP", "Accuracy": 0.7419354838709677, "Precision": 0.7251433339614008, "Recall": 0.7508081104907434, "F1": 0.7277701548542466}