{"Dataset": "wdbc", "Method": "MLP", "Accuracy": 0.972972972972973, "Precision": 0.9633620689655172, "Recall": 0.957486538127497, "F1": 0.9603845733639245}