{"Dataset": "penguins_size_sample", "Method": "SVM", "Accuracy": 0.9090909090909091, "Precision": 0.875, "Recall": 0.9444444444444445, "F1": 0.8927738927738927}