{"Dataset": "Acoustic_Features", "Method": "LogisticRegression", "Accuracy": 0.7426470588235294, "Precision": 0.7513654188425356, "Recall": 0.7426470588235294, "F1": 0.7389160687105893}