{"Dataset": "bcwo", "Method": "LogisticRegression", "Accuracy": 0.9490968801313628, "Precision": 0.9432978776404942, "Recall": 0.9396835005188515, "F1": 0.9414570160722646}