{"Dataset": "BreastTissue", "Method": "LogisticRegression", "Accuracy": 0.55, "Precision": 0.5703703703703703, "Recall": 0.542063492063492, "F1": 0.5292022792022791}