{"Dataset": "bupa", "Method": "LogisticRegression", "Accuracy": 0.6947368421052632, "Precision": 0.6860587002096437, "Recall": 0.6906649616368287, "F1": 0.6872832297039942}