{"Dataset": "crx", "Method": "LogisticRegression", "Accuracy": 0.8203703703703704, "Precision": 0.8187602091941085, "Recall": 0.8249832064487237, "F1": 0.8191142191142191}