{"Dataset": "glass3", "Method": "LogisticRegression", "Accuracy": 0.7088607594936709, "Precision": 0.67376267143709, "Recall": 0.7780337941628264, "F1": 0.7076539387684898}