{"Dataset": "glass-0-1-2-3_vs_4-5-6", "Method": "LogisticRegression", "Accuracy": 0.8467741935483871, "Precision": 0.62, "Recall": 0.9194915254237288, "F1": 0.6497695852534562}