{"Dataset": "heart", "Method": "LogisticRegression", "Accuracy": 0.8071428571428572, "Precision": 0.7975189234650968, "Recall": 0.8026737967914439, "F1": 0.7996926500980339}