{"Dataset": "hepatitis", "Method": "LogisticRegression", "Accuracy": 0.7948717948717948, "Precision": 0.75, "Recall": 0.7191558441558441, "F1": 0.7310344827586206}