{"Dataset": "house-votes-84", "Method": "LogisticRegression", "Accuracy": 0.9418181818181818, "Precision": 0.9292587312900926, "Recall": 0.9391711229946524, "F1": 0.9339339339339339}