{"Dataset": "kr-vs-kp", "Method": "LogisticRegression", "Accuracy": 0.9322990126939351, "Precision": 0.9321308085186384, "Recall": 0.9331908382331604, "F1": 0.9322423661414911}