{"Dataset": "mfeat-karhunen", "Method": "LogisticRegression", "Accuracy": 0.9220588235294118, "Precision": 0.922896234845072, "Recall": 0.9220588235294118, "F1": 0.9219141820427051}