{"Dataset": "ttt", "Method": "LogisticRegression", "Accuracy": 0.7292626728110599, "Precision": 0.7109221466364324, "Recall": 0.7342890726669745, "F1": 0.7135977197896703}