{"Dataset": "accent-mfcc-data-1", "Method": "MLP", "Accuracy": 0.7560975609756098, "Precision": 0.6899401624945103, "Recall": 0.7457341269841269, "F1": 0.6978167117222386}