{"Dataset": "Acoustic_Features", "Method": "MLP", "Accuracy": 0.7720588235294118, "Precision": 0.7793182068336557, "Recall": 0.7720588235294117, "F1": 0.7706072012138189}