{"Dataset": "adult_all", "Method": "MLP", "Accuracy": 0.7628639480924808, "Precision": 0.7051843541621302, "Recall": 0.7596660719392919, "F1": 0.7167819372951849}