{"Dataset": "adult", "Method": "MLP", "Accuracy": 0.7957805126307024, "Precision": 0.7306191262150881, "Recall": 0.7719447819596601, "F1": 0.7445944453287763}