{"Dataset": "BreastTissue", "Method": "MLP", "Accuracy": 0.725, "Precision": 0.6842592592592593, "Recall": 0.7182539682539683, "F1": 0.6895622895622896}