{"Dataset": "bupa", "Method": "MLP", "Accuracy": 0.5473684210526316, "Precision": 0.5540413533834587, "Recall": 0.5558823529411765, "F1": 0.5455556791634218}