{"Dataset": "cleveland", "Method": "MLP", "Accuracy": 0.7630057803468208, "Precision": 0.7653156768325308, "Recall": 0.7707480207480207, "F1": 0.7622112709108586}