{"Dataset": "crx", "Method": "MLP", "Accuracy": 0.825925925925926, "Precision": 0.8234372422892957, "Recall": 0.8293215405284371, "F1": 0.8244206157039087}