{"Dataset": "glass3", "Method": "MLP", "Accuracy": 0.7468354430379747, "Precision": 0.7069786005956219, "Recall": 0.8018433179723502, "F1": 0.7229057569440913}