{"Dataset": "glass-0-1-2-3_vs_4-5-6", "Method": "MLP", "Accuracy": 0.9516129032258065, "Precision": 0.7456140350877193, "Recall": 0.8954802259887006, "F1": 0.7995689655172413}