{"Dataset": "heart", "Method": "MLP", "Accuracy": 0.7928571428571428, "Precision": 0.7840909090909092, "Recall": 0.7780748663101604, "F1": 0.7806709524066772}