{"Dataset": "hepatitis", "Method": "MLP", "Accuracy": 0.7435897435897436, "Precision": 0.6823529411764706, "Recall": 0.6006493506493507, "F1": 0.6068548387096774}