{"Dataset": "house-votes-84", "Method": "MLP", "Accuracy": 0.9381818181818182, "Precision": 0.9325077399380804, "Recall": 0.9244652406417112, "F1": 0.9283206329249781}