{"Dataset": "iris", "Method": "MLP", "Accuracy": 0.9333333333333333, "Precision": 0.93815987933635, "Recall": 0.9333333333333335, "F1": 0.9330357142857143}