{"Dataset": "kr-vs-kp", "Method": "MLP", "Accuracy": 0.9594499294781382, "Precision": 0.9591380244434884, "Recall": 0.9597197064541106, "F1": 0.9593759789642955}