{"Dataset": "mfeat-karhunen", "Method": "MLP", "Accuracy": 0.9647058823529412, "Precision": 0.9652477506079415, "Recall": 0.9647058823529411, "F1": 0.9645419901871245}