{"Dataset": "mushroom", "Method": "MLP", "Accuracy": 0.9938006072874493, "Precision": 0.9937617407493808, "Recall": 0.9938248974737943, "F1": 0.9937925366093863}