{"Dataset": "promoter", "Method": "MLP", "Accuracy": 0.9210526315789473, "Precision": 0.9222222222222223, "Recall": 0.9210526315789473, "F1": 0.9209979209979211}