{"Dataset": "ttt", "Method": "MLP", "Accuracy": 0.783410138248848, "Precision": 0.7593002915451895, "Recall": 0.7800260274547668, "F1": 0.7658026923849708}