{"Dataset": "accent-mfcc-data-1", "Method": "SVM", "Accuracy": 0.823170731707317, "Precision": 0.7035479054164622, "Recall": 0.776758658008658, "F1": 0.7265953358156327}