{"Dataset": "Acoustic_Features", "Method": "SVM", "Accuracy": 0.7058823529411765, "Precision": 0.7215575990699055, "Recall": 0.7058823529411765, "F1": 0.7110287751464223}