{"Dataset": "adult_all", "Method": "SVM", "Accuracy": 0.7525974292636852, "Precision": 0.6996470723654836, "Recall": 0.7575653814700597, "F1": 0.7091078535961783}