{"Dataset": "adult", "Method": "SVM", "Accuracy": 0.6998241880262792, "Precision": 0.6637085996055073, "Recall": 0.7192830341549157, "F1": 0.6613410381395637}