{"Dataset": "bcwo", "Method": "SVM", "Accuracy": 0.9425287356321839, "Precision": 0.9310344827586208, "Recall": 0.9388619854721549, "F1": 0.9347728295096717}