{"Dataset": "BreastTissue", "Method": "SVM", "Accuracy": 0.825, "Precision": 0.8361111111111111, "Recall": 0.8079365079365081, "F1": 0.8115384615384617}