{"Dataset": "bupa", "Method": "SVM", "Accuracy": 0.6070175438596491, "Precision": 0.6197963462114405, "Recall": 0.6227621483375959, "F1": 0.6064312487670152}