{"Dataset": "cleveland", "Method": "SVM", "Accuracy": 0.7745664739884393, "Precision": 0.7720883534136547, "Recall": 0.7774365274365274, "F1": 0.7726215751693459}