{"Dataset": "crx", "Method": "SVM", "Accuracy": 0.7851851851851852, "Precision": 0.7835497835497836, "Recall": 0.7749944021495745, "F1": 0.7778691896338954}