{"Dataset": "glass-0-1-2-3_vs_4-5-6", "Method": "SVM", "Accuracy": 0.8709677419354839, "Precision": 0.6201923076923077, "Recall": 0.8531073446327684, "F1": 0.6562716562716563}