{"Dataset": "heart", "Method": "SVM", "Accuracy": 0.7357142857142858, "Precision": 0.7357142857142858, "Recall": 0.7470588235294118, "F1": 0.7326451612903226}