{"Dataset": "hepatitis", "Method": "SVM", "Accuracy": 0.717948717948718, "Precision": 0.646551724137931, "Recall": 0.637987012987013, "F1": 0.6416040100250626}