{"Dataset": "house-votes-84", "Method": "SVM", "Accuracy": 0.9490909090909091, "Precision": 0.9374257543359468, "Recall": 0.9475267379679144, "F1": 0.9421921921921923}