{"Dataset": "iris", "Method": "SVM", "Accuracy": 0.8888888888888888, "Precision": 0.8967236467236468, "Recall": 0.8888888888888888, "F1": 0.888577897198587}