{"Dataset": "kr-vs-kp", "Method": "SVM", "Accuracy": 0.943935119887165, "Precision": 0.943625087657784, "Recall": 0.9440951037626584, "F1": 0.9438259901777328}