{"Dataset": "mushroom", "Method": "SVM", "Accuracy": 0.9820344129554656, "Precision": 0.9827133358269482, "Recall": 0.9815605423303525, "F1": 0.9819910160462952}