{"Dataset": "ttt", "Method": "SVM", "Accuracy": 0.7373271889400922, "Precision": 0.7296703296703296, "Recall": 0.7588262457495487, "F1": 0.727104247104247}