{"Dataset": "accent-mfcc-data-1", "Method": "SVM", "Accuracy": 0.8292682926829268, "Precision": 0.7291539070950837, "Recall": 0.776830808080808, "F1": 0.7508996615774111}