{"Dataset": "Acoustic_Features", "Method": "SVM", "Accuracy": 0.7132352941176471, "Precision": 0.71996336996337, "Recall": 0.7132352941176471, "F1": 0.7123529330534688}