{"Dataset": "adult_all", "Method": "SVM", "Accuracy": 0.7340150301835654, "Precision": 0.6866780325295915, "Recall": 0.7452158935112145, "F1": 0.692278600294779}