{"Dataset": "adult", "Method": "SVM", "Accuracy": 0.7009345794392523, "Precision": 0.6812891774589692, "Recall": 0.7471088091340796, "F1": 0.6712984973709695}