{"Dataset": "bcwo", "Method": "SVM", "Accuracy": 0.9458128078817734, "Precision": 0.9374353161500173, "Recall": 0.938602559667935, "F1": 0.9380152671755726}