{"Dataset": "BreastTissue", "Method": "SVM", "Accuracy": 0.5, "Precision": 0.4849206349206349, "Recall": 0.4878968253968254, "F1": 0.4834590246354952}