{"Dataset": "cleveland", "Method": "SVM", "Accuracy": 0.7803468208092486, "Precision": 0.775910931174089, "Recall": 0.7790745290745291, "F1": 0.7770618556701031}