{"Dataset": "crx", "Method": "SVM", "Accuracy": 0.8222222222222222, "Precision": 0.8208168642951252, "Recall": 0.8271383788625168, "F1": 0.8210340256296951}