{"Dataset": "glass3", "Method": "SVM", "Accuracy": 0.7974683544303798, "Precision": 0.763035763035763, "Recall": 0.8561187916026626, "F1": 0.7971255274261603}