{"Dataset": "heart", "Method": "SVM", "Accuracy": 0.7428571428571429, "Precision": 0.7344877344877345, "Recall": 0.7433155080213905, "F1": 0.7363465160075329}