{"Dataset": "hepatitis", "Method": "SVM", "Accuracy": 0.717948717948718, "Precision": 0.6370967741935484, "Recall": 0.6103896103896104, "F1": 0.6173059768064229}