{"Dataset": "house-votes-84", "Method": "SVM", "Accuracy": 0.9563636363636364, "Precision": 0.9475975975975977, "Recall": 0.9528743315508021, "F1": 0.9501631025733962}