{"Dataset": "iris", "Method": "SVM", "Accuracy": 0.9111111111111111, "Precision": 0.9152456738663636, "Recall": 0.9111111111111111, "F1": 0.9097907741975538}