{"Dataset": "kr-vs-kp", "Method": "SVM", "Accuracy": 0.9520451339915373, "Precision": 0.9518969193350026, "Recall": 0.9519600056439627, "F1": 0.9519279857056251}