{"Dataset": "mfeat-karhunen", "Method": "SVM", "Accuracy": 0.961764705882353, "Precision": 0.9631708990604452, "Recall": 0.9617647058823529, "F1": 0.9618022648476101}