{"Dataset": "mushroom", "Method": "SVM", "Accuracy": 0.9919028340080972, "Precision": 0.992311388755406, "Recall": 0.9915922228060956, "F1": 0.9918863743390165}