{"Dataset": "ttt", "Method": "SVM", "Accuracy": 0.7914746543778802, "Precision": 0.7657901885767324, "Recall": 0.7816422484362537, "F1": 0.7717777044998613}