{"Dataset": "Acoustic_Features", "Method": "MLP", "Accuracy": 0.7352941176470589, "Precision": 0.7357944139194139, "Recall": 0.7352941176470589, "F1": 0.7335002233472304}