{"Dataset": "adult", "Method": "MLP", "Accuracy": 0.7609265599457142, "Precision": 0.7119247270769266, "Recall": 0.7750620539306827, "F1": 0.7214740229961384}