{"Dataset": "adult_all", "Method": "MLP", "Accuracy": 0.77506057246109, "Precision": 0.7179720056278236, "Recall": 0.7753006213585927, "F1": 0.7309326649715213}