{"Dataset": "BreastTissue", "Method": "MLP", "Accuracy": 0.6, "Precision": 0.5974867724867725, "Recall": 0.5906746031746032, "F1": 0.5923054070112893}