{"Dataset": "bupa", "Method": "MLP", "Accuracy": 0.6701754385964912, "Precision": 0.6644736842105263, "Recall": 0.670076726342711, "F1": 0.6645211380484873}