{"Dataset": "crx", "Method": "MLP", "Accuracy": 0.8203703703703704, "Precision": 0.8191766723842195, "Recall": 0.8255150022391402, "F1": 0.81922409241038}