{"Dataset": "glass3", "Method": "MLP", "Accuracy": 0.7341772151898734, "Precision": 0.7584213172448466, "Recall": 0.7603686635944701, "F1": 0.7585628363406142}