{"Dataset": "house-votes-84", "Method": "MLP", "Accuracy": 0.9672727272727273, "Precision": 0.9551169590643275, "Recall": 0.972927807486631, "F1": 0.9631482556841025}