{"Dataset": "iris", "Method": "MLP", "Accuracy": 0.9444444444444444, "Precision": 0.9455197132616489, "Recall": 0.9444444444444443, "F1": 0.9448056558920688}