{"Dataset": "kr-vs-kp", "Method": "MLP", "Accuracy": 0.9636812411847673, "Precision": 0.9637071992976295, "Recall": 0.9634660611871367, "F1": 0.9635807121452692}