{"Dataset": "mfeat-karhunen", "Method": "MLP", "Accuracy": 0.9632352941176471, "Precision": 0.9634679276618414, "Recall": 0.963235294117647, "F1": 0.9632073250965869}