{"Dataset": "mushroom", "Method": "MLP", "Accuracy": 0.9921558704453441, "Precision": 0.9922969088841771, "Recall": 0.9920140991324735, "F1": 0.9921429920044655}