{"Dataset": "ttt", "Method": "MLP", "Accuracy": 0.7776497695852534, "Precision": 0.7492884471817842, "Recall": 0.7563284496872507, "F1": 0.7524379521054537}