{"Dataset": "wdbc", "Method": "MLP", "Accuracy": 0.9459459459459459, "Precision": 0.9052394278606966, "Recall": 0.9527531700538474, "F1": 0.9257818896348452}