{"Dataset": "penguins_size_sample", "Method": "Logistic Regression", "Accuracy": 0.7272727272727273, "Precision": 0.7403846153846154, "Recall": 0.737037037037037, "F1": 0.7151916184174248}