{"Dataset": "Acoustic_Features", "Method": "MLP", "Accuracy": 0.8161764705882353, "Precision": 0.8327323717948718, "Recall": 0.8161764705882353, "F1": 0.818472395184724}