{"Dataset": "adult", "Method": "MLP", "Accuracy": 0.7615742882699484, "Precision": 0.7031284385072418, "Recall": 0.7551773679799264, "F1": 0.714669579351008}