{"Dataset": "adult_all", "Method": "MLP", "Accuracy": 0.7345694222003203, "Precision": 0.692247033273876, "Recall": 0.7552748909109075, "F1": 0.6962048023725385}