{"Dataset": "bcwo", "Method": "MLP", "Accuracy": 0.9474548440065681, "Precision": 0.9312222481888291, "Recall": 0.9558976132826011, "F1": 0.9415883368501822}