{"Dataset": "BreastTissue", "Method": "MLP", "Accuracy": 0.65, "Precision": 0.6694444444444446, "Recall": 0.6557539682539683, "F1": 0.6452140452140452}