{"Dataset": "bupa", "Method": "MLP", "Accuracy": 0.6912280701754386, "Precision": 0.6807851239669421, "Recall": 0.6835038363171355, "F1": 0.6818227950877904}