{"Dataset": "cleveland", "Method": "MLP", "Accuracy": 0.8092485549132948, "Precision": 0.8086454519853563, "Recall": 0.7992082992082992, "F1": 0.8024909185262066}