{"Dataset": "crx", "Method": "MLP", "Accuracy": 0.8203703703703704, "Precision": 0.8164983164983165, "Recall": 0.8196652485445589, "F1": 0.8177294475859069}