{"Dataset": "glass-0-1-2-3_vs_4-5-6", "Method": "MLP", "Accuracy": 0.9193548387096774, "Precision": 0.6875, "Recall": 0.9576271186440678, "F1": 0.750603378921963}