{"Dataset": "glass3", "Method": "MLP", "Accuracy": 0.7215189873417721, "Precision": 0.7046137046137045, "Recall": 0.7972350230414746, "F1": 0.738581223628692}