{"Dataset": "heart", "Method": "MLP", "Accuracy": 0.75, "Precision": 0.7446764946764947, "Recall": 0.7556149732620321, "F1": 0.7453090077446853}