{"Dataset": "hepatitis", "Method": "MLP", "Accuracy": 0.8461538461538461, "Precision": 0.9117647058823529, "Recall": 0.7272727272727273, "F1": 0.7641129032258065}