{"Dataset": "house-votes-84", "Method": "MLP", "Accuracy": 0.9454545454545454, "Precision": 0.9342451027233636, "Recall": 0.9418449197860963, "F1": 0.9378849252360373}