{"Dataset": "kr-vs-kp", "Method": "MLP", "Accuracy": 0.9467559943582511, "Precision": 0.9465149884397672, "Recall": 0.9467814704517115, "F1": 0.9466386349909728}