{"Dataset": "mushroom", "Method": "MLP", "Accuracy": 0.9771002024291497, "Precision": 0.9776524398451059, "Recall": 0.9766710726455646, "F1": 0.9770479857025436}