{"Dataset": "ttt", "Method": "MLP", "Accuracy": 0.75, "Precision": 0.725287356321839, "Recall": 0.7444901557449309, "F1": 0.7305870826092242}