Dataset,Method,Style,Accuracy Mean,Accuracy Std,Precision Mean,Precision Std,Recall Mean,Recall Std,F1 Mean,F1 Std
penguins_size_sample,LogisticRegression,mix,0.9117647058823529,0.07083290928701352,0.9319708994708995,0.060079651936904156,0.8777777777777777,0.08122856370170854,0.8903660964651678,0.08285195282500891
penguins_size_sample,LogisticRegression,raw,0.9696969696969695,2.220446049250313e-16,0.982456140350877,1.1102230246251565e-16,0.9333333333333332,0.0,0.953953953953954,0.0
penguins_size_sample,LogisticRegression,synthetic,0.8636363636363635,0.09701703390049772,0.8692481321854387,0.08742567461602228,0.8688888888888888,0.08310173578863246,0.853844969019257,0.09298462091711854
