{"Dataset": "accent-mfcc-data-1", "Method": "SVM", "Accuracy": 0.774390243902439, "Precision": 0.6421084888826823, "Recall": 0.7328373015873016, "F1": 0.6743533031464066}