{"Dataset": "Acoustic_Features", "Method": "SVM", "Accuracy": 0.7352941176470589, "Precision": 0.759332454984629, "Recall": 0.7352941176470588, "F1": 0.736741681989129}