{"Dataset": "adult", "Method": "SVM", "Accuracy": 0.7713519015452948, "Precision": 0.7125046094960956, "Recall": 0.7654404175507681, "F1": 0.7251880494187289}