{"Dataset": "adult_all", "Method": "SVM", "Accuracy": 0.7819186070387253, "Precision": 0.7126923101493705, "Recall": 0.7491523182222072, "F1": 0.7251671320419415}