{"Dataset": "bcwo", "Method": "SVM", "Accuracy": 0.9474548440065681, "Precision": 0.93464655668521, "Recall": 0.9478554133517814, "F1": 0.9407400199479408}