{"Dataset": "BreastTissue", "Method": "SVM", "Accuracy": 0.6, "Precision": 0.6230158730158729, "Recall": 0.5865079365079365, "F1": 0.5882326007326008}