{"Dataset": "bupa", "Method": "SVM", "Accuracy": 0.624561403508772, "Precision": 0.6204105803395183, "Recall": 0.6248081841432225, "F1": 0.6191409908953527}