{"Dataset": "cleveland", "Method": "SVM", "Accuracy": 0.8034682080924855, "Precision": 0.8068942436412316, "Recall": 0.812926562926563, "F1": 0.8029348700080408}