{"Dataset": "crx", "Method": "SVM", "Accuracy": 0.8314814814814815, "Precision": 0.8291608843210267, "Recall": 0.8352552619793998, "F1": 0.8300824000082987}