{"Dataset": "glass-0-1-2-3_vs_4-5-6", "Method": "SVM", "Accuracy": 0.9032258064516129, "Precision": 0.6516203703703703, "Recall": 0.8700564971751412, "F1": 0.7007240547063556}