{"Dataset": "glass3", "Method": "SVM", "Accuracy": 0.6075949367088608, "Precision": 0.5904761904761905, "Recall": 0.6164874551971326, "F1": 0.6022138153285694}