{"Dataset": "heart", "Method": "SVM", "Accuracy": 0.7857142857142857, "Precision": 0.7873035313329251, "Recall": 0.8010695187165775, "F1": 0.7835497835497836}