{"Dataset": "house-votes-84", "Method": "SVM", "Accuracy": 0.92, "Precision": 0.9023219273743017, "Recall": 0.920120320855615, "F1": 0.9101627464956046}