{"Dataset": "iris", "Method": "SVM", "Accuracy": 0.9333333333333333, "Precision": 0.9353448275862069, "Recall": 0.9333333333333332, "F1": 0.9338436303991252}