{"Dataset": "kr-vs-kp", "Method": "SVM", "Accuracy": 0.9474612129760226, "Precision": 0.9473433588958584, "Recall": 0.947311464473698, "F1": 0.9473272930316647}