{"Dataset": "mfeat-karhunen", "Method": "SVM", "Accuracy": 0.9632352941176471, "Precision": 0.9646748540971789, "Recall": 0.9632352941176471, "F1": 0.9633468890658952}