{"Dataset": "mushroom", "Method": "SVM", "Accuracy": 0.9924089068825911, "Precision": 0.9922676059334142, "Recall": 0.9925857479662099, "F1": 0.9924011826877202}