{"Dataset": "ttt", "Method": "SVM", "Accuracy": 0.7638248847926268, "Precision": 0.7455781871648504, "Recall": 0.772448679736367, "F1": 0.7498731372970724}