{"Dataset": "adult", "Method": "LogisticRegression", "Accuracy": 0.7664476728046636, "Precision": 0.711330124851977, "Recall": 0.7685155319499372, "F1": 0.7229770452410117}