{"Dataset": "bcwo", "Method": "LogisticRegression", "Accuracy": 0.9343185550082101, "Precision": 0.9267461031175059, "Recall": 0.9220857834659287, "F1": 0.9243572227052541}