{"Dataset": "bupa", "Method": "LogisticRegression", "Accuracy": 0.6912280701754386, "Precision": 0.6889721099832462, "Recall": 0.6961636828644502, "F1": 0.6875311472141932}