{"Dataset": "cleveland", "Method": "LogisticRegression", "Accuracy": 0.791907514450867, "Precision": 0.7889305816135084, "Recall": 0.7942942942942943, "F1": 0.7898785425101216}