{"Dataset": "crx", "Method": "LogisticRegression", "Accuracy": 0.8166666666666667, "Precision": 0.820064853872683, "Recall": 0.8259908195253023, "F1": 0.8162071846282373}