{"Dataset": "glass3", "Method": "LogisticRegression", "Accuracy": 0.6708860759493671, "Precision": 0.6753246753246754, "Recall": 0.7066052227342551, "F1": 0.6888107294098621}