{"Dataset": "heart", "Method": "LogisticRegression", "Accuracy": 0.7857142857142857, "Precision": 0.776509649304835, "Recall": 0.7850267379679144, "F1": 0.7792262405382675}