{"Dataset": "house-votes-84", "Method": "LogisticRegression", "Accuracy": 0.96, "Precision": 0.947076023391813, "Recall": 0.964572192513369, "F1": 0.9549589791694586}