{"Dataset": "iris", "Method": "LogisticRegression", "Accuracy": 0.9444444444444444, "Precision": 0.9476911976911978, "Recall": 0.9444444444444445, "F1": 0.9449067502837227}