{"Dataset": "kr-vs-kp", "Method": "LogisticRegression", "Accuracy": 0.942524682651622, "Precision": 0.9428595838737592, "Recall": 0.9419377339290407, "F1": 0.9423246916690153}