{"Dataset": "mfeat-karhunen", "Method": "LogisticRegression", "Accuracy": 0.9470588235294117, "Precision": 0.9482083518526094, "Recall": 0.9470588235294117, "F1": 0.9473323767478418}