{"Dataset": "mushroom", "Method": "LogisticRegression", "Accuracy": 0.9825404858299596, "Precision": 0.9824916223809363, "Recall": 0.9825447067087568, "F1": 0.9825175961694733}