{"Dataset": "ttt", "Method": "LogisticRegression", "Accuracy": 0.7235023041474654, "Precision": 0.6974893106252109, "Recall": 0.7141177952227027, "F1": 0.7018326300904005}