{"Dataset": "accent-mfcc-data-1", "Method": "SVM", "Accuracy": 0.823170731707317, "Precision": 0.7495900687476774, "Recall": 0.7965728715728716, "F1": 0.7667539757091996}