{"Dataset": "Acoustic_Features", "Method": "SVM", "Accuracy": 0.7720588235294118, "Precision": 0.7713467143614202, "Recall": 0.7720588235294117, "F1": 0.7710807639890478}