{"Dataset": "adult_all", "Method": "SVM", "Accuracy": 0.7604821157242002, "Precision": 0.7131246365933502, "Recall": 0.7790290421713126, "F1": 0.7220336097438032}