{"Dataset": "adult", "Method": "SVM", "Accuracy": 0.7242836433176028, "Precision": 0.674395490355021, "Recall": 0.7270413011605275, "F1": 0.6796642885970288}