{"Dataset": "bcwo", "Method": "SVM", "Accuracy": 0.9343185550082101, "Precision": 0.9166317480270969, "Recall": 0.9421912832929782, "F1": 0.927153110047847}