{"Dataset": "BreastTissue", "Method": "SVM", "Accuracy": 0.6, "Precision": 0.5621693121693122, "Recall": 0.5807539682539683, "F1": 0.5592958240017064}