{"Dataset": "bupa", "Method": "SVM", "Accuracy": 0.6175438596491228, "Precision": 0.6088525079617835, "Recall": 0.6118925831202047, "F1": 0.609053497942387}