{"Dataset": "cleveland", "Method": "SVM", "Accuracy": 0.791907514450867, "Precision": 0.7914995990376904, "Recall": 0.7977067977067978, "F1": 0.7907258064516128}