{"Dataset": "crx", "Method": "SVM", "Accuracy": 0.8314814814814815, "Precision": 0.8278688524590164, "Recall": 0.8288737124944021, "F1": 0.8283444707986488}