{"Dataset": "heart", "Method": "SVM", "Accuracy": 0.7928571428571428, "Precision": 0.7827380952380952, "Recall": 0.7844919786096256, "F1": 0.783570552801322}