{"Dataset": "hepatitis", "Method": "SVM", "Accuracy": 0.7435897435897436, "Precision": 0.6763392857142857, "Recall": 0.6282467532467533, "F1": 0.6388888888888888}