{"Dataset": "house-votes-84", "Method": "SVM", "Accuracy": 0.9381818181818182, "Precision": 0.9217537356654697, "Recall": 0.9425133689839573, "F1": 0.9307663828211774}