{"Dataset": "kr-vs-kp", "Method": "SVM", "Accuracy": 0.9619181946403385, "Precision": 0.9619956061458075, "Recall": 0.9616454843562019, "F1": 0.9618084858061157}