{"Dataset": "mfeat-karhunen", "Method": "SVM", "Accuracy": 0.9661764705882353, "Precision": 0.9668487329764431, "Recall": 0.9661764705882353, "F1": 0.9660985877559807}