{"Dataset": "mushroom", "Method": "SVM", "Accuracy": 0.9778593117408907, "Precision": 0.9776808003290146, "Recall": 0.978161360385736, "F1": 0.9778419888064559}