{"Dataset": "ttt", "Method": "SVM", "Accuracy": 0.7857142857142857, "Precision": 0.7651037831055834, "Recall": 0.7914445237395575, "F1": 0.7712877178070549}