{"Dataset": "wdbc", "Method": "SVM", "Accuracy": 0.9613899613899614, "Precision": 0.9391525423728814, "Recall": 0.9500607955532395, "F1": 0.9444587407788643}