{"Dataset": "accent-mfcc-data-1", "Method": "SVM", "Accuracy": 0.7987804878048781, "Precision": 0.7378703703703704, "Recall": 0.7417658730158729, "F1": 0.7323033147306185}