{"Dataset": "Acoustic_Features", "Method": "SVM", "Accuracy": 0.7279411764705882, "Precision": 0.7383435036867532, "Recall": 0.7279411764705883, "F1": 0.7225923095921706}