{"Dataset": "adult_all", "Method": "SVM", "Accuracy": 0.753110755205125, "Precision": 0.6916903039646463, "Recall": 0.7398426097685291, "F1": 0.702557331149243}