{"Dataset": "adult", "Method": "SVM", "Accuracy": 0.7528145337898275, "Precision": 0.6948854330209389, "Recall": 0.7460683254926845, "F1": 0.7053448832821323}