{"Dataset": "BreastTissue", "Method": "SVM", "Accuracy": 0.7, "Precision": 0.6814814814814815, "Recall": 0.7003968253968255, "F1": 0.6821152703505645}