{"Dataset": "bupa", "Method": "SVM", "Accuracy": 0.519298245614035, "Precision": 0.5286970781156828, "Recall": 0.5295396419437339, "F1": 0.5181354823581681}