{"Dataset": "cleveland", "Method": "SVM", "Accuracy": 0.7514450867052023, "Precision": 0.7478529253891573, "Recall": 0.7521157521157522, "F1": 0.7487248775544671}