{"Dataset": "crx", "Method": "SVM", "Accuracy": 0.837037037037037, "Precision": 0.8335847159376572, "Recall": 0.8342756381549485, "F1": 0.8339181613566147}