{"Dataset": "glass3", "Method": "SVM", "Accuracy": 0.7468354430379747, "Precision": 0.735515258735073, "Recall": 0.7711213517665131, "F1": 0.7506410256410256}