{"Dataset": "heart", "Method": "SVM", "Accuracy": 0.7928571428571428, "Precision": 0.7833333333333333, "Recall": 0.790909090909091, "F1": 0.786034255599473}