{"Dataset": "house-votes-84", "Method": "SVM", "Accuracy": 0.9418181818181818, "Precision": 0.9354928017718716, "Recall": 0.9301470588235294, "F1": 0.9327463927610662}