{"Dataset": "iris", "Method": "SVM", "Accuracy": 0.9111111111111111, "Precision": 0.9196168582375478, "Recall": 0.9111111111111111, "F1": 0.9103235747303545}