{"Dataset": "kr-vs-kp", "Method": "SVM", "Accuracy": 0.9569816643159379, "Precision": 0.9566822330641426, "Recall": 0.9576877303143119, "F1": 0.9569323149540434}