{"Dataset": "mfeat-karhunen", "Method": "SVM", "Accuracy": 0.9779411764705882, "Precision": 0.9781651507818921, "Recall": 0.9779411764705882, "F1": 0.977927513647783}