{"Dataset": "mushroom", "Method": "SVM", "Accuracy": 0.9803896761133604, "Precision": 0.9817775687749823, "Recall": 0.979637414608513, "F1": 0.9803267548859178}