{"Dataset": "promoter", "Method": "SVM", "Accuracy": 0.9210526315789473, "Precision": 0.9318181818181819, "Recall": 0.9210526315789473, "F1": 0.9205574912891985}