{"Dataset": "ttt", "Method": "SVM", "Accuracy": 0.7799539170506913, "Precision": 0.7535089307948295, "Recall": 0.7686285210528525, "F1": 0.7591687378976437}