{"Dataset": "wdbc", "Method": "SVM", "Accuracy": 0.9806949806949807, "Precision": 0.9641541038525963, "Recall": 0.9813270800764287, "F1": 0.9723980646673913}