{"Dataset": "accent-mfcc-data-1", "Method": "MLP", "Accuracy": 0.7865853658536586, "Precision": 0.7016694033935412, "Recall": 0.8247113997113997, "F1": 0.7466650197628458}