{"Dataset": "Acoustic_Features", "Method": "MLP", "Accuracy": 0.7720588235294118, "Precision": 0.7672478805845946, "Recall": 0.7720588235294117, "F1": 0.7676141232748808}