{"Dataset": "adult", "Method": "MLP", "Accuracy": 0.7390271737454119, "Precision": 0.6935368469910762, "Recall": 0.7541839334520632, "F1": 0.6992867360922006}