{"Dataset": "adult_all", "Method": "MLP", "Accuracy": 0.765615375138598, "Precision": 0.7010385518705486, "Recall": 0.7463095646221212, "F1": 0.7132940767184902}