{"Dataset": "BreastTissue", "Method": "MLP", "Accuracy": 0.725, "Precision": 0.6972222222222223, "Recall": 0.7103174603174603, "F1": 0.695751633986928}