{"Dataset": "bupa", "Method": "MLP", "Accuracy": 0.6701754385964912, "Precision": 0.6818769904458599, "Recall": 0.6869565217391305, "F1": 0.669487761547572}