{"Dataset": "crx", "Method": "MLP", "Accuracy": 0.8148148148148148, "Precision": 0.811878390596745, "Recall": 0.8089453649798477, "F1": 0.8102226720647774}