{"Dataset": "glass3", "Method": "MLP", "Accuracy": 0.7341772151898734, "Precision": 0.7329352793749079, "Recall": 0.7660010240655403, "F1": 0.7426802792935515}