{"Dataset": "heart", "Method": "MLP", "Accuracy": 0.7357142857142858, "Precision": 0.7389705882352942, "Recall": 0.7502673796791444, "F1": 0.7334156759816788}