{"Dataset": "kr-vs-kp", "Method": "MLP", "Accuracy": 0.9502820874471086, "Precision": 0.9503403193612774, "Recall": 0.9499624317501818, "F1": 0.9501369601322378}