{"Dataset": "mfeat-karhunen", "Method": "MLP", "Accuracy": 0.9588235294117647, "Precision": 0.9592394299137892, "Recall": 0.9588235294117649, "F1": 0.9584418827554757}