{"Dataset": "mushroom", "Method": "MLP", "Accuracy": 0.9707742914979757, "Precision": 0.9706002150592054, "Recall": 0.9709824101935578, "F1": 0.9707475451644324}