{"Dataset": "promoter", "Method": "MLP", "Accuracy": 0.9736842105263158, "Precision": 0.975, "Recall": 0.9736842105263157, "F1": 0.9736659736659736}