{"Dataset": "ttt", "Method": "MLP", "Accuracy": 0.7200460829493087, "Precision": 0.7004643962848297, "Recall": 0.7221149405986315, "F1": 0.703164338739753}