{"Dataset": "wdbc", "Method": "MLP", "Accuracy": 0.9420849420849421, "Precision": 0.9013188883655205, "Recall": 0.943981240229286, "F1": 0.9200370484717506}