{"Dataset": "accent-mfcc-data-1", "Method": "SVM", "Accuracy": 0.7378048780487805, "Precision": 0.6346103569632982, "Recall": 0.8150432900432901, "F1": 0.697326212824109}