{"Dataset": "Acoustic_Features", "Method": "SVM", "Accuracy": 0.6985294117647058, "Precision": 0.7138569565040154, "Recall": 0.6985294117647058, "F1": 0.7014654810409598}