{"Dataset": "adult_all", "Method": "SVM", "Accuracy": 0.7628639480924808, "Precision": 0.7072258130508947, "Recall": 0.7642770936935799, "F1": 0.7185056843798086}