{"Dataset": "adult", "Method": "SVM", "Accuracy": 0.7576879183245427, "Precision": 0.7065886389644443, "Recall": 0.7666319699574771, "F1": 0.7163017086569532}