{"Dataset": "bcwo", "Method": "SVM", "Accuracy": 0.9441707717569786, "Precision": 0.9291257541701171, "Recall": 0.9481148391560014, "F1": 0.9374969814054577}