{"Dataset": "BreastTissue", "Method": "SVM", "Accuracy": 0.575, "Precision": 0.6018518518518517, "Recall": 0.5698412698412699, "F1": 0.580366692131398}