{"Dataset": "bupa", "Method": "SVM", "Accuracy": 0.6807017543859649, "Precision": 0.6778320023661639, "Recall": 0.6845268542199489, "F1": 0.6766249797384072}