{"Dataset": "cleveland", "Method": "SVM", "Accuracy": 0.7630057803468208, "Precision": 0.7586856988957715, "Recall": 0.7622167622167622, "F1": 0.7597954553151138}