{"Dataset": "crx", "Method": "SVM", "Accuracy": 0.7962962962962963, "Precision": 0.7953185884419076, "Recall": 0.8012203313927452, "F1": 0.7950565147186686}