{"Dataset": "glass3", "Method": "SVM", "Accuracy": 0.7468354430379747, "Precision": 0.7671070460704607, "Recall": 0.768305171530978, "F1": 0.7676101230318099}