{"Dataset": "hepatitis", "Method": "SVM", "Accuracy": 0.8205128205128205, "Precision": 0.7810344827586206, "Recall": 0.7646103896103896, "F1": 0.7719298245614035}