{"Dataset": "iris", "Method": "SVM", "Accuracy": 0.9222222222222223, "Precision": 0.924731182795699, "Recall": 0.9222222222222222, "F1": 0.9229319766346334}