{"Dataset": "kr-vs-kp", "Method": "SVM", "Accuracy": 0.9590973201692524, "Precision": 0.9596460525572563, "Recall": 0.9584635258911802, "F1": 0.9589463133346112}