{"Dataset": "mushroom", "Method": "SVM", "Accuracy": 0.9954453441295547, "Precision": 0.9954043973880813, "Recall": 0.9954765625260467, "F1": 0.9954394562428597}