{"Dataset": "penguins_size_sample", "Method": "SVM", "Accuracy": 0.9696969696969697, "Precision": 0.9824561403508771, "Recall": 0.9666666666666667, "F1": 0.9734471313418682}