{"Dataset": "ttt", "Method": "SVM", "Accuracy": 0.7753456221198156, "Precision": 0.7463018455098934, "Recall": 0.7484362537257042, "F1": 0.747336554695232}