{"Dataset": "wdbc", "Method": "SVM", "Accuracy": 0.9382239382239382, "Precision": 0.8951725746268657, "Recall": 0.9415059927045336, "F1": 0.9151793024398232}