{"Dataset": "accent-mfcc-data-1", "Method": "SVM", "Accuracy": 0.75, "Precision": 0.6095133667502088, "Recall": 0.7122835497835499, "F1": 0.6449293111334112}