{"Dataset": "Acoustic_Features", "Method": "SVM", "Accuracy": 0.7794117647058824, "Precision": 0.7836001016260162, "Recall": 0.7794117647058822, "F1": 0.7771527925626287}