{"Dataset": "adult_all", "Method": "SVM", "Accuracy": 0.7541784731633198, "Precision": 0.7092559132508525, "Recall": 0.7758357529736359, "F1": 0.7165628431519414}