{"Dataset": "adult", "Method": "SVM", "Accuracy": 0.7413713333950217, "Precision": 0.6955698427928838, "Recall": 0.7566066717600649, "F1": 0.7017099493477976}