{"Dataset": "bcwo", "Method": "SVM", "Accuracy": 0.9441707717569786, "Precision": 0.9285941475826972, "Recall": 0.9494552058111381, "F1": 0.9376460526632777}