{"Dataset": "BreastTissue", "Method": "SVM", "Accuracy": 0.525, "Precision": 0.5015873015873016, "Recall": 0.5142857142857142, "F1": 0.5056701468466174}