{"Dataset": "bupa", "Method": "SVM", "Accuracy": 0.624561403508772, "Precision": 0.6159434713375795, "Recall": 0.6191815856777494, "F1": 0.6162268282553706}