{"Dataset": "cleveland", "Method": "SVM", "Accuracy": 0.7572254335260116, "Precision": 0.752047502047502, "Recall": 0.752047502047502, "F1": 0.752047502047502}