{"Dataset": "crx", "Method": "SVM", "Accuracy": 0.8203703703703704, "Precision": 0.8206353996625468, "Recall": 0.8271103896103896, "F1": 0.8195230695549407}