{"Dataset": "glass3", "Method": "SVM", "Accuracy": 0.6708860759493671, "Precision": 0.6383928571428571, "Recall": 0.6646185355862775, "F1": 0.6500888452107964}