{"Dataset": "hepatitis", "Method": "SVM", "Accuracy": 0.7435897435897436, "Precision": 0.7083333333333333, "Recall": 0.573051948051948, "F1": 0.5647321428571428}