{"Dataset": "house-votes-84", "Method": "SVM", "Accuracy": 0.9636363636363636, "Precision": 0.9558558558558559, "Recall": 0.9612299465240641, "F1": 0.9584692521444969}