{"Dataset": "kr-vs-kp", "Method": "SVM", "Accuracy": 0.9513399153737658, "Precision": 0.951217615146561, "Recall": 0.951217615146561, "F1": 0.951217615146561}