{"Dataset": "mfeat-karhunen", "Method": "SVM", "Accuracy": 0.9764705882352941, "Precision": 0.977050979900602, "Recall": 0.976470588235294, "F1": 0.9764173251232947}