{"Dataset": "mushroom", "Method": "SVM", "Accuracy": 0.9832995951417004, "Precision": 0.9831788254323466, "Recall": 0.9834078220743646, "F1": 0.9832809431262851}