{"Dataset": "ttt", "Method": "SVM", "Accuracy": 0.7361751152073732, "Precision": 0.7295460347174949, "Recall": 0.7588472356324252, "F1": 0.7262843931208939}