{"Dataset": "wdbc", "Method": "SVM", "Accuracy": 0.9575289575289575, "Precision": 0.9245592948717949, "Recall": 0.9601789126281048, "F1": 0.9406915502633386}