{"Dataset": "penguins_size_sample", "Method": "MLP", "Accuracy": 0.8484848484848485, "Precision": 0.5757575757575758, "Recall": 0.6666666666666666, "F1": 0.6174603174603175}