Dataset,Method,Style,Accuracy Mean,Accuracy Std,Precision Mean,Precision Std,Recall Mean,Recall Std,F1 Mean,F1 Std
penguins_size_sample,MLP,mix,0.9647058823529411,0.03901911518065177,0.9806060606060607,0.02087172770633037,0.9333333333333333,0.07370277311900891,0.9463157894736842,0.0628853769736583
penguins_size_sample,MLP,raw,0.8303030303030303,0.04535342286998717,0.5611464999108021,0.030482537943777643,0.6555555555555556,0.02771598064276993,0.6005082603964926,0.035520028046944735
penguins_size_sample,MLP,synthetic,0.9727272727272727,0.021212121212121193,0.9707685881370092,0.029551399359405633,0.9592592592592591,0.040707056782323225,0.9606167590532916,0.031382188105704895
