{"Dataset": "Acoustic_Features", "Method": "LogisticRegression", "Accuracy": 0.6838235294117647, "Precision": 0.6886512877366535, "Recall": 0.6838235294117647, "F1": 0.6815671641791045}