{"Dataset": "bcwo", "Method": "LogisticRegression", "Accuracy": 0.9425287356321839, "Precision": 0.9281954797685108, "Recall": 0.9442234520927015, "F1": 0.9354241586054164}