{"Dataset": "BreastTissue", "Method": "LogisticRegression", "Accuracy": 0.8, "Precision": 0.8333333333333334, "Recall": 0.7976190476190476, "F1": 0.7714646464646465}