{"Dataset": "bupa", "Method": "LogisticRegression", "Accuracy": 0.6105263157894737, "Precision": 0.6028535980148884, "Recall": 0.6060102301790281, "F1": 0.6027001569858712}