{"Dataset": "crx", "Method": "LogisticRegression", "Accuracy": 0.8166666666666667, "Precision": 0.8154716981132075, "Recall": 0.8217364532019704, "F1": 0.815496754109563}