{"Dataset": "glass-0-1-2-3_vs_4-5-6", "Method": "LogisticRegression", "Accuracy": 0.8790322580645161, "Precision": 0.6268170426065163, "Recall": 0.8573446327683616, "F1": 0.6663677130044843}