{"Dataset": "heart", "Method": "LogisticRegression", "Accuracy": 0.8428571428571429, "Precision": 0.8448867536032945, "Recall": 0.8224598930481284, "F1": 0.8303591099361093}