{"Dataset": "kr-vs-kp", "Method": "LogisticRegression", "Accuracy": 0.935472496473907, "Precision": 0.9363445466507249, "Recall": 0.9345138289550243, "F1": 0.9351907178974034}