{"Dataset": "mfeat-karhunen", "Method": "LogisticRegression", "Accuracy": 0.9382352941176471, "Precision": 0.9391541330245599, "Recall": 0.938235294117647, "F1": 0.9384071081517028}