{"Dataset": "mushroom", "Method": "LogisticRegression", "Accuracy": 0.9888663967611336, "Precision": 0.9888096058618158, "Recall": 0.9888979846621668, "F1": 0.9888522064057372}