{"Dataset": "ttt", "Method": "LogisticRegression", "Accuracy": 0.706221198156682, "Precision": 0.6954485319221577, "Recall": 0.7197220939507157, "F1": 0.6934752352529792}