{"Dataset": "wdbc", "Method": "LogisticRegression", "Accuracy": 0.9536679536679536, "Precision": 0.9243252194071866, "Recall": 0.9451103005037346, "F1": 0.9341525423728814}