{"Dataset": "penguins_size_sample", "Method": "Logistic Regression", "Accuracy": 0.9696969696969697, "Precision": 0.9444444444444445, "Recall": 0.9666666666666667, "F1": 0.952153110047847}