{"Dataset": "accent-mfcc-data-1", "Method": "SVM", "Accuracy": 0.823170731707317, "Precision": 0.7132777675540835, "Recall": 0.7831980519480518, "F1": 0.7377713964738518}