{"Dataset": "Acoustic_Features", "Method": "SVM", "Accuracy": 0.7941176470588235, "Precision": 0.8078371592539455, "Recall": 0.7941176470588236, "F1": 0.7938391966956274}