{"Dataset": "adult_all", "Method": "SVM", "Accuracy": 0.7126606710196707, "Precision": 0.6794611345042025, "Recall": 0.7421304495467902, "F1": 0.6771301488786083}