{"Dataset": "adult", "Method": "SVM", "Accuracy": 0.7322414484439098, "Precision": 0.6902739957945374, "Recall": 0.7519243492017834, "F1": 0.6939639396348458}