{"Dataset": "bcwo", "Method": "SVM", "Accuracy": 0.9310344827586207, "Precision": 0.9122979693327808, "Recall": 0.9424507090971982, "F1": 0.9240233353928045}