{"Dataset": "BreastTissue", "Method": "SVM", "Accuracy": 0.65, "Precision": 0.5880952380952381, "Recall": 0.6458333333333334, "F1": 0.6097934472934473}