{"Dataset": "bupa", "Method": "SVM", "Accuracy": 0.6140350877192983, "Precision": 0.6027551942186089, "Recall": 0.6047314578005115, "F1": 0.6032449124228005}