{"Dataset": "cleveland", "Method": "SVM", "Accuracy": 0.7803468208092486, "Precision": 0.7764784946236559, "Recall": 0.7807807807807807, "F1": 0.7776650432900434}