{"Dataset": "crx", "Method": "SVM", "Accuracy": 0.7518518518518519, "Precision": 0.7468577174459528, "Recall": 0.7473690103000448, "F1": 0.7471026547930268}