{"Dataset": "glass3", "Method": "SVM", "Accuracy": 0.6835443037974683, "Precision": 0.6706349206349206, "Recall": 0.7621607782898105, "F1": 0.7047888081786388}