{"Dataset": "glass-0-1-2-3_vs_4-5-6", "Method": "SVM", "Accuracy": 0.9354838709677419, "Precision": 0.7142857142857143, "Recall": 0.9661016949152542, "F1": 0.7824561403508772}