{"Dataset": "heart", "Method": "SVM", "Accuracy": 0.7428571428571429, "Precision": 0.7413757909777505, "Recall": 0.7529411764705882, "F1": 0.7394540942928041}