{"Dataset": "hepatitis", "Method": "SVM", "Accuracy": 0.7692307692307693, "Precision": 0.7607142857142857, "Recall": 0.6185064935064934, "F1": 0.6285714285714286}