{"Dataset": "house-votes-84", "Method": "SVM", "Accuracy": 0.9381818181818182, "Precision": 0.927932825903105, "Recall": 0.9304812834224598, "F1": 0.9291891973765922}