{"Dataset": "kr-vs-kp", "Method": "SVM", "Accuracy": 0.9559238363892807, "Precision": 0.9556457799110176, "Recall": 0.9560785527922409, "F1": 0.9558352696671026}