{"Dataset": "mfeat-karhunen", "Method": "SVM", "Accuracy": 0.9735294117647059, "Precision": 0.9737293099057804, "Recall": 0.9735294117647058, "F1": 0.9734603835044725}