{"Dataset": "mushroom", "Method": "SVM", "Accuracy": 0.9831730769230769, "Precision": 0.9833541495359426, "Recall": 0.9829769055409929, "F1": 0.9831438720211145}