{"Dataset": "ttt", "Method": "SVM", "Accuracy": 0.7857142857142857, "Precision": 0.7676375929682218, "Recall": 0.7967339742244238, "F1": 0.7729244375432496}