{"Dataset": "wdbc", "Method": "SVM", "Accuracy": 0.9498069498069498, "Precision": 0.9172670705747503, "Recall": 0.9426350529789821, "F1": 0.9290874244434617}