{"Dataset": "accent-mfcc-data-1", "Method": "SVM", "Accuracy": 0.7926829268292683, "Precision": 0.723531079098306, "Recall": 0.7354437229437228, "F1": 0.7195680643049064}