{"Dataset": "Acoustic_Features", "Method": "SVM", "Accuracy": 0.7352941176470589, "Precision": 0.7493961352657005, "Recall": 0.7352941176470589, "F1": 0.7335480093676814}