{"Dataset": "adult", "Method": "SVM", "Accuracy": 0.7641343573609698, "Precision": 0.7043166763582962, "Recall": 0.7549223944122619, "F1": 0.7162716192233125}