{"Dataset": "adult_all", "Method": "SVM", "Accuracy": 0.7664572296825592, "Precision": 0.7011817735434774, "Recall": 0.7454435728422577, "F1": 0.7134787404597146}