{"Dataset": "bcwo", "Method": "SVM", "Accuracy": 0.9425287356321839, "Precision": 0.929519071310116, "Recall": 0.9415427187824282, "F1": 0.9351032897440972}