{"Dataset": "BreastTissue", "Method": "SVM", "Accuracy": 0.675, "Precision": 0.6823232323232323, "Recall": 0.667063492063492, "F1": 0.6622363990785043}