{"Dataset": "bupa", "Method": "SVM", "Accuracy": 0.5403508771929825, "Precision": 0.5441408561846518, "Recall": 0.5457800511508952, "F1": 0.5375955214822705}