{"Dataset": "cleveland", "Method": "SVM", "Accuracy": 0.7630057803468208, "Precision": 0.7583540458436896, "Recall": 0.7553917553917554, "F1": 0.7566306399039286}