{"Dataset": "crx", "Method": "SVM", "Accuracy": 0.8388888888888889, "Precision": 0.8351975464549883, "Recall": 0.838026197939991, "F1": 0.8363699057159077}