{"Dataset": "glass-0-1-2-3_vs_4-5-6", "Method": "SVM", "Accuracy": 0.9435483870967742, "Precision": 0.7135265700483091, "Recall": 0.8121468926553672, "F1": 0.7516452074391988}