{"Dataset": "glass3", "Method": "SVM", "Accuracy": 0.6962025316455697, "Precision": 0.6983635559486953, "Recall": 0.7337429595494113, "F1": 0.7134615384615385}