{"Dataset": "heart", "Method": "SVM", "Accuracy": 0.8, "Precision": 0.7985303123086345, "Recall": 0.8128342245989304, "F1": 0.7973531844499586}