{"Dataset": "iris", "Method": "SVM", "Accuracy": 0.9, "Precision": 0.9083333333333333, "Recall": 0.9, "F1": 0.8980920314253646}