{"Dataset": "kr-vs-kp", "Method": "SVM", "Accuracy": 0.9566290550070522, "Precision": 0.9562859236164617, "Recall": 0.9570687391776268, "F1": 0.9565625126469773}