{"Dataset": "mfeat-karhunen", "Method": "SVM", "Accuracy": 0.975, "Precision": 0.9755368541532986, "Recall": 0.975, "F1": 0.9750589544252227}