{"Dataset": "mushroom", "Method": "SVM", "Accuracy": 0.9781123481781376, "Precision": 0.9797471318192461, "Recall": 0.9772727272727273, "F1": 0.9780363300886161}