{"Dataset": "ttt", "Method": "SVM", "Accuracy": 0.7845622119815668, "Precision": 0.7578695255474452, "Recall": 0.7711892867637798, "F1": 0.763147104273584}