{"Dataset": "penguins_size_sample", "Method": "Logistic Regression", "Accuracy": 0.7575757575757576, "Precision": 0.8071895424836603, "Recall": 0.8518518518518517, "F1": 0.7880391213724547}