{"Dataset": "Acoustic_Features", "Method": "LogisticRegression", "Accuracy": 0.8088235294117647, "Precision": 0.8075238925422749, "Recall": 0.8088235294117646, "F1": 0.8075908024837776}