{"Dataset": "bcwo", "Method": "LogisticRegression", "Accuracy": 0.9490968801313628, "Precision": 0.9392925080479952, "Recall": 0.9450449671393981, "F1": 0.9420777634941722}