{"Dataset": "bupa", "Method": "LogisticRegression", "Accuracy": 0.6842105263157895, "Precision": 0.675, "Recall": 0.6790281329923273, "F1": 0.6761363636363636}