{"Dataset": "cleveland", "Method": "LogisticRegression", "Accuracy": 0.7398843930635838, "Precision": 0.7343150684931508, "Recall": 0.7334834834834835, "F1": 0.7338734488770382}