{"Dataset": "crx", "Method": "LogisticRegression", "Accuracy": 0.8425925925925926, "Precision": 0.8390584626438766, "Recall": 0.8434001343484102, "F1": 0.8405580122204119}