{"Dataset": "glass-0-1-2-3_vs_4-5-6", "Method": "LogisticRegression", "Accuracy": 0.8709677419354839, "Precision": 0.6016771488469601, "Recall": 0.7740112994350282, "F1": 0.6309523809523809}