{"Dataset": "glass3", "Method": "LogisticRegression", "Accuracy": 0.620253164556962, "Precision": 0.5450336700336701, "Recall": 0.5739887352790579, "F1": 0.5555810134799709}