{"Dataset": "heart", "Method": "LogisticRegression", "Accuracy": 0.7357142857142858, "Precision": 0.7229020979020979, "Recall": 0.7181818181818183, "F1": 0.7201663875533466}