{"Dataset": "kr-vs-kp", "Method": "LogisticRegression", "Accuracy": 0.9531029619181947, "Precision": 0.9530302486276012, "Recall": 0.9529319937397884, "F1": 0.9529800466748967}