{"Dataset": "mfeat-karhunen", "Method": "LogisticRegression", "Accuracy": 0.9205882352941176, "Precision": 0.923421187778434, "Recall": 0.9205882352941176, "F1": 0.9210512042071304}