{"Dataset": "ttt", "Method": "LogisticRegression", "Accuracy": 0.7626728110599078, "Precision": 0.731887731155543, "Recall": 0.7222198900130137, "F1": 0.726412553858206}