{"Dataset": "bcwo", "Method": "LogisticRegression", "Accuracy": 0.9261083743842364, "Precision": 0.9177396728374959, "Recall": 0.9120114147353857, "F1": 0.9147846528419108}