{"Dataset": "bupa", "Method": "LogisticRegression", "Accuracy": 0.656140350877193, "Precision": 0.659346347234546, "Recall": 0.6653452685421994, "F1": 0.653886190145732}