{"Dataset": "crx", "Method": "LogisticRegression", "Accuracy": 0.8296296296296296, "Precision": 0.8334158007587003, "Recall": 0.8394816390506046, "F1": 0.8292337517702217}