{"Dataset": "echocardiogram", "Method": "LogisticRegression", "Accuracy": 0.7241379310344828, "Precision": 0.6987179487179487, "Recall": 0.586111111111111, "F1": 0.5797101449275363}