{"Dataset": "glass3", "Method": "LogisticRegression", "Accuracy": 0.6455696202531646, "Precision": 0.652910052910053, "Recall": 0.6850998463901691, "F1": 0.6663719422340112}