{"Dataset": "kr-vs-kp", "Method": "LogisticRegression", "Accuracy": 0.942524682651622, "Precision": 0.9432499559697072, "Recall": 0.9416899380410564, "F1": 0.9422896118479902}