{"Dataset": "mfeat-karhunen", "Method": "LogisticRegression", "Accuracy": 0.9382352941176471, "Precision": 0.9397475262181623, "Recall": 0.938235294117647, "F1": 0.9386386698416743}