{"Dataset": "mushroom", "Method": "LogisticRegression", "Accuracy": 0.9956983805668016, "Precision": 0.9957416867855571, "Recall": 0.9956456977462571, "F1": 0.9956920914958627}