{"Dataset": "ttt", "Method": "LogisticRegression", "Accuracy": 0.9078341013824884, "Precision": 0.8897725923790466, "Recall": 0.9135216825490113, "F1": 0.8992027963095217}