{"Dataset": "Acoustic_Features", "Method": "MLP", "Accuracy": 0.7573529411764706, "Precision": 0.753487358326068, "Recall": 0.7573529411764706, "F1": 0.7539544962080174}