{"Dataset": "adult_all", "Method": "MLP", "Accuracy": 0.7690854585027309, "Precision": 0.7214318279876257, "Recall": 0.7893188060636822, "F1": 0.7315168773828067}