{"Dataset": "adult", "Method": "MLP", "Accuracy": 0.7551895376453533, "Precision": 0.697475811993121, "Recall": 0.7493484461263507, "F1": 0.7081845970114776}