{"Dataset": "bcwo", "Method": "MLP", "Accuracy": 0.9523809523809523, "Precision": 0.9384336320956039, "Recall": 0.9568488412314078, "F1": 0.9466243150860882}