{"Dataset": "BreastTissue", "Method": "MLP", "Accuracy": 0.55, "Precision": 0.5353835978835979, "Recall": 0.5376984126984127, "F1": 0.5289816936875761}