{"Dataset": "bupa", "Method": "MLP", "Accuracy": 0.6736842105263158, "Precision": 0.6613191185472354, "Recall": 0.6617647058823529, "F1": 0.6615331571083783}