{"Dataset": "cleveland", "Method": "MLP", "Accuracy": 0.8092485549132948, "Precision": 0.8068273092369478, "Recall": 0.8128583128583129, "F1": 0.8076028712971388}