{"Dataset": "crx", "Method": "MLP", "Accuracy": 0.8314814814814815, "Precision": 0.8278661342250349, "Recall": 0.832064487236901, "F1": 0.8293032836712646}