{"Dataset": "echocardiogram", "Method": "MLP", "Accuracy": 0.6206896551724138, "Precision": 0.6142857142857143, "Recall": 0.6333333333333333, "F1": 0.6037267080745341}