{"Dataset": "glass3", "Method": "MLP", "Accuracy": 0.7848101265822784, "Precision": 0.7409247482776894, "Recall": 0.797747055811572, "F1": 0.7627300969073122}