{"Dataset": "kr-vs-kp", "Method": "MLP", "Accuracy": 0.9622708039492243, "Precision": 0.9619739843228653, "Recall": 0.9625122713808713, "F1": 0.9621997001158604}