{"Dataset": "mfeat-karhunen", "Method": "MLP", "Accuracy": 0.9544117647058824, "Precision": 0.9547445979124637, "Recall": 0.9544117647058824, "F1": 0.954139380821865}