{"Dataset": "mushroom", "Method": "MLP", "Accuracy": 0.9740637651821862, "Precision": 0.9738936201838471, "Recall": 0.9744355128054212, "F1": 0.9740463064367937}