{"Dataset": "ttt", "Method": "MLP", "Accuracy": 0.7430875576036866, "Precision": 0.7239548377319276, "Recall": 0.7481423953654338, "F1": 0.7275952573619955}