{"Dataset": "wdbc", "Method": "MLP", "Accuracy": 0.9768339768339769, "Precision": 0.9611016949152542, "Recall": 0.9725551502518672, "F1": 0.9666752444673186}