{"Dataset": "adult", "Method": "LogisticRegression", "Accuracy": 0.765584035039018, "Precision": 0.7009035765246587, "Recall": 0.7446410002550179, "F1": 0.7130420877846859}