{"Dataset": "bupa", "Method": "LogisticRegression", "Accuracy": 0.6070175438596491, "Precision": 0.5976776637097578, "Recall": 0.6002557544757032, "F1": 0.5978633340052408}