{"Dataset": "crx", "Method": "LogisticRegression", "Accuracy": 0.8296296296296296, "Precision": 0.8266064644017399, "Recall": 0.8320364979847739, "F1": 0.8279087167976056}