{"Dataset": "echocardiogram", "Method": "LogisticRegression", "Accuracy": 0.6896551724137931, "Precision": 0.6195652173913043, "Recall": 0.5916666666666667, "F1": 0.5953488372093023}