{"Dataset": "heart", "Method": "LogisticRegression", "Accuracy": 0.8571428571428571, "Precision": 0.8571428571428571, "Recall": 0.8406417112299465, "F1": 0.8470279720279719}