{"Dataset": "iris", "Method": "LogisticRegression", "Accuracy": 0.9444444444444444, "Precision": 0.9523809523809524, "Recall": 0.9444444444444445, "F1": 0.9440559440559441}