{"Dataset": "kr-vs-kp", "Method": "LogisticRegression", "Accuracy": 0.9478138222849083, "Precision": 0.9474922601852576, "Recall": 0.9480366538480907, "F1": 0.947717068684003}