{"Dataset": "mfeat-karhunen", "Method": "LogisticRegression", "Accuracy": 0.9382352941176471, "Precision": 0.939428706956835, "Recall": 0.938235294117647, "F1": 0.9384520636983715}