{"Dataset": "ttt", "Method": "LogisticRegression", "Accuracy": 0.9815668202764977, "Precision": 0.9865996649916248, "Recall": 0.9721254355400697, "F1": 0.9788719109601962}