{"Dataset": "adult_all", "Method": "MLP", "Accuracy": 0.7717342203605602, "Precision": 0.711069390370828, "Recall": 0.7627416509135346, "F1": 0.72394771887615}