{"Dataset": "adult", "Method": "MLP", "Accuracy": 0.7791554856420222, "Precision": 0.7180663808962549, "Recall": 0.7683253151899074, "F1": 0.7316334109986815}