{"Dataset": "bcwo", "Method": "MLP", "Accuracy": 0.9507389162561576, "Precision": 0.937593984962406, "Recall": 0.9529574541681078, "F1": 0.9445812807881774}