{"Dataset": "BreastTissue", "Method": "MLP", "Accuracy": 0.65, "Precision": 0.6417748917748918, "Recall": 0.6557539682539683, "F1": 0.6210772658141079}