{"Dataset": "bupa", "Method": "MLP", "Accuracy": 0.656140350877193, "Precision": 0.6483303518187239, "Recall": 0.6526854219948849, "F1": 0.6488735794025948}