{"Dataset": "crx", "Method": "MLP", "Accuracy": 0.8555555555555555, "Precision": 0.8520833333333333, "Recall": 0.8547637707120466, "F1": 0.8532281445138269}