{"Dataset": "glass-0-1-2-3_vs_4-5-6", "Method": "MLP", "Accuracy": 0.9596774193548387, "Precision": 0.7734299516908213, "Recall": 0.8997175141242938, "F1": 0.8226037195994278}