{"Dataset": "glass3", "Method": "MLP", "Accuracy": 0.7974683544303798, "Precision": 0.7461538461538462, "Recall": 0.8504864311315924, "F1": 0.7812015111650813}