{"Dataset": "heart", "Method": "MLP", "Accuracy": 0.8, "Precision": 0.7922077922077921, "Recall": 0.8032085561497326, "F1": 0.79493617911697}