{"Dataset": "house-votes-84", "Method": "MLP", "Accuracy": 0.9527272727272728, "Precision": 0.9445451250453063, "Recall": 0.9471925133689839, "F1": 0.9458505626997471}