{"Dataset": "iris", "Method": "MLP", "Accuracy": 0.9666666666666667, "Precision": 0.9673835125448029, "Recall": 0.9666666666666667, "F1": 0.9668457287518137}