{"Dataset": "kr-vs-kp", "Method": "MLP", "Accuracy": 0.964033850493653, "Precision": 0.9636960526138971, "Recall": 0.9645098452746521, "F1": 0.9639796602976841}