{"Dataset": "mfeat-karhunen", "Method": "MLP", "Accuracy": 0.9632352941176471, "Precision": 0.963556414584317, "Recall": 0.9632352941176471, "F1": 0.9632397588054807}