{"Dataset": "mushroom", "Method": "MLP", "Accuracy": 0.9796305668016194, "Precision": 0.9810988494951867, "Recall": 0.9788491854965844, "F1": 0.9795634377698967}