{"Dataset": "ttt", "Method": "MLP", "Accuracy": 0.7868663594470046, "Precision": 0.7630592046866679, "Recall": 0.7843709332101927, "F1": 0.7696968827760289}