{"Dataset": "wdbc", "Method": "MLP", "Accuracy": 0.972972972972973, "Precision": 0.9490748321598166, "Recall": 0.9763765850269237, "F1": 0.9618163054695562}