{"Dataset": "penguins_size_sample", "Method": "Logistic Regression", "Accuracy": 0.8823529411764706, "Precision": 0.8518518518518517, "Recall": 0.8518518518518517, "F1": 0.8518518518518517}