{"Dataset": "Acoustic_Features", "Method": "LogisticRegression", "Accuracy": 0.7205882352941176, "Precision": 0.7202456458270411, "Recall": 0.7205882352941178, "F1": 0.7104837191793714}