{"Dataset": "adult", "Method": "LogisticRegression", "Accuracy": 0.7188242188704852, "Precision": 0.6757889216314462, "Recall": 0.7324828880873211, "F1": 0.6782507927151524}