{"Dataset": "bcwo", "Method": "LogisticRegression", "Accuracy": 0.9408866995073891, "Precision": 0.9343525179856115, "Recall": 0.9296091317883086, "F1": 0.9319215004347285}