{"Dataset": "BreastTissue", "Method": "LogisticRegression", "Accuracy": 0.7, "Precision": 0.715410052910053, "Recall": 0.6783730158730159, "F1": 0.68527183600713}