{"Dataset": "bupa", "Method": "LogisticRegression", "Accuracy": 0.6456140350877193, "Precision": 0.6527255639097744, "Recall": 0.657928388746803, "F1": 0.6441947565543071}