{"Dataset": "crx", "Method": "LogisticRegression", "Accuracy": 0.8185185185185185, "Precision": 0.8159952405235424, "Recall": 0.812192118226601, "F1": 0.8137957241981113}