{"Dataset": "heart", "Method": "LogisticRegression", "Accuracy": 0.7642857142857142, "Precision": 0.7553763440860215, "Recall": 0.7641711229946524, "F1": 0.7577473651093283}