{"Dataset": "kr-vs-kp", "Method": "LogisticRegression", "Accuracy": 0.943935119887165, "Precision": 0.9440501006325475, "Recall": 0.9435287131615515, "F1": 0.943762770091767}