{"Dataset": "mfeat-karhunen", "Method": "LogisticRegression", "Accuracy": 0.9308823529411765, "Precision": 0.9320125230536025, "Recall": 0.9308823529411765, "F1": 0.9308999177829813}