{"Dataset": "mushroom", "Method": "LogisticRegression", "Accuracy": 0.9820344129554656, "Precision": 0.9819178585051536, "Recall": 0.9821315500146567, "F1": 0.9820140423951235}