{"Dataset": "ttt", "Method": "LogisticRegression", "Accuracy": 0.9435483870967742, "Precision": 0.9276987353206865, "Recall": 0.9543050249779605, "F1": 0.9383071154529564}