{"Dataset": "penguins_size_sample", "Method": "Logistic Regression", "Accuracy": 0.8235294117647058, "Precision": 0.8630952380952381, "Recall": 0.8148148148148149, "F1": 0.8189542483660132}