{"Dataset": "accent-mfcc-data-1", "Method": "SVM", "Accuracy": 0.823170731707317, "Precision": 0.7273204378467536, "Recall": 0.7743686868686869, "F1": 0.7386353391931486}