{"Dataset": "Acoustic_Features", "Method": "SVM", "Accuracy": 0.8088235294117647, "Precision": 0.8217384677910994, "Recall": 0.8088235294117647, "F1": 0.8102954684629516}