{"Dataset": "adult", "Method": "SVM", "Accuracy": 0.7398599673051417, "Precision": 0.6911373581318652, "Recall": 0.749048143576406, "F1": 0.6979953285365494}