{"Dataset": "adult_all", "Method": "SVM", "Accuracy": 0.7210586834216254, "Precision": 0.6842843326805581, "Recall": 0.7472901144709088, "F1": 0.6844470537276875}