{"Dataset": "bcwo", "Method": "SVM", "Accuracy": 0.9441707717569786, "Precision": 0.9263192429893632, "Recall": 0.9574974057419579, "F1": 0.9384950810322703}