{"Dataset": "BreastTissue", "Method": "SVM", "Accuracy": 0.65, "Precision": 0.6517857142857143, "Recall": 0.6432539682539683, "F1": 0.628001628001628}