{"Dataset": "bupa", "Method": "SVM", "Accuracy": 0.631578947368421, "Precision": 0.6210929673412142, "Recall": 0.6236572890025576, "F1": 0.6217244561301495}