{"Dataset": "crx", "Method": "SVM", "Accuracy": 0.7870370370370371, "Precision": 0.7830079801832486, "Recall": 0.7814039408866995, "F1": 0.7821350762527234}