{"Dataset": "glass3", "Method": "SVM", "Accuracy": 0.6582278481012658, "Precision": 0.6418308702791461, "Recall": 0.6986687147977472, "F1": 0.665079365079365}