{"Dataset": "heart", "Method": "SVM", "Accuracy": 0.75, "Precision": 0.747140522875817, "Recall": 0.7588235294117647, "F1": 0.7462586090829061}