{"Dataset": "hepatitis", "Method": "SVM", "Accuracy": 0.7948717948717948, "Precision": 0.8888888888888888, "Recall": 0.6363636363636364, "F1": 0.6517857142857143}