{"Dataset": "iris", "Method": "SVM", "Accuracy": 0.9444444444444444, "Precision": 0.9457341269841271, "Recall": 0.9444444444444445, "F1": 0.9443950067976764}