{"Dataset": "kr-vs-kp", "Method": "SVM", "Accuracy": 0.9520451339915373, "Precision": 0.9516982604545186, "Recall": 0.9524909968325004, "F1": 0.9519728803969121}