{"Dataset": "mfeat-karhunen", "Method": "SVM", "Accuracy": 0.9720588235294118, "Precision": 0.9724798093729946, "Recall": 0.9720588235294118, "F1": 0.9720199222849477}