{"Dataset": "mushroom", "Method": "SVM", "Accuracy": 0.9782388663967612, "Precision": 0.9787118264348045, "Recall": 0.9778534163134575, "F1": 0.9781915920281552}