{"Dataset": "penguins_size_sample", "Method": "SVM", "Accuracy": 0.9393939393939394, "Precision": 0.9666666666666667, "Recall": 0.9, "F1": 0.9278752436647174}