{"Dataset": "promoter", "Method": "SVM", "Accuracy": 0.868421052631579, "Precision": 0.8694444444444445, "Recall": 0.868421052631579, "F1": 0.8683298683298684}