{"Dataset": "ttt", "Method": "SVM", "Accuracy": 0.7592165898617511, "Precision": 0.7348806366047744, "Recall": 0.7549011376516519, "F1": 0.7405193560614187}