{"Dataset": "Acoustic_Features", "Method": "MLP", "Accuracy": 0.8308823529411765, "Precision": 0.8336429195804196, "Recall": 0.8308823529411764, "F1": 0.8308752005848714}