{"Dataset": "adult", "Method": "MLP", "Accuracy": 0.7695629376021714, "Precision": 0.7173462131258076, "Recall": 0.7788030235678863, "F1": 0.7287953653061645}