{"Dataset": "adult_all", "Method": "MLP", "Accuracy": 0.7794135764444992, "Precision": 0.7247294947632281, "Recall": 0.7861986501002765, "F1": 0.7378563946496334}