{"Dataset": "bcwo", "Method": "MLP", "Accuracy": 0.9523809523809523, "Precision": 0.9412822989616034, "Recall": 0.9514873746108613, "F1": 0.946092540985358}