{"Dataset": "BreastTissue", "Method": "MLP", "Accuracy": 0.7, "Precision": 0.6960978835978836, "Recall": 0.6938492063492063, "F1": 0.6892676767676768}