{"Dataset": "bupa", "Method": "MLP", "Accuracy": 0.6456140350877193, "Precision": 0.6337121212121213, "Recall": 0.6354219948849105, "F1": 0.634360114322007}