{"Dataset": "cleveland", "Method": "MLP", "Accuracy": 0.7803468208092486, "Precision": 0.775990099009901, "Recall": 0.773955773955774, "F1": 0.7748630136986301}