{"Dataset": "crx", "Method": "MLP", "Accuracy": 0.8444444444444444, "Precision": 0.8430500658761528, "Recall": 0.8498096730855351, "F1": 0.8434047724259832}