{"Dataset": "glass3", "Method": "MLP", "Accuracy": 0.6582278481012658, "Precision": 0.5770260747004934, "Recall": 0.6454173067076292, "F1": 0.5942577030812325}