{"Dataset": "heart", "Method": "MLP", "Accuracy": 0.7642857142857142, "Precision": 0.7529761904761905, "Recall": 0.7545454545454546, "F1": 0.7537182152566768}