{"Dataset": "iris", "Method": "MLP", "Accuracy": 0.9444444444444444, "Precision": 0.9457614942528735, "Recall": 0.9444444444444445, "F1": 0.9445963185711682}