{"Dataset": "kr-vs-kp", "Method": "MLP", "Accuracy": 0.9545133991537377, "Precision": 0.9546674333908376, "Recall": 0.9541335794340382, "F1": 0.95437356818766}