{"Dataset": "mfeat-karhunen", "Method": "MLP", "Accuracy": 0.9808823529411764, "Precision": 0.9813366380019641, "Recall": 0.9808823529411766, "F1": 0.9808664592721963}