{"Dataset": "mushroom", "Method": "MLP", "Accuracy": 0.9749493927125507, "Precision": 0.9747808456201925, "Recall": 0.9751491762383866, "F1": 0.9749258875944706}