{"Dataset": "promoter", "Method": "MLP", "Accuracy": 0.8157894736842105, "Precision": 0.8392857142857143, "Recall": 0.8157894736842105, "F1": 0.8125440451021846}