{"Dataset": "ttt", "Method": "MLP", "Accuracy": 0.7407834101382489, "Precision": 0.7289209401709402, "Recall": 0.7570001259392973, "F1": 0.7289995462511605}