{"Dataset": "penguins_size_sample", "Method": "Logistic Regression", "Accuracy": 0.8787878787878788, "Precision": 0.8363095238095237, "Recall": 0.8777777777777778, "F1": 0.8496732026143791}