{"Dataset": "penguins_size_sample", "Method": "Logistic Regression", "Accuracy": 0.8484848484848485, "Precision": 0.8307017543859648, "Recall": 0.7962962962962963, "F1": 0.8105105105105105}