{"Dataset": "adult", "Method": "LogisticRegression", "Accuracy": 0.7771197680515715, "Precision": 0.7101832128754486, "Recall": 0.7500683745647141, "F1": 0.722864726774748}