{"Dataset": "bcwo", "Method": "LogisticRegression", "Accuracy": 0.9523809523809523, "Precision": 0.9397607655502392, "Recall": 0.9541681079211346, "F1": 0.946362352512414}