{"Dataset": "bupa", "Method": "LogisticRegression", "Accuracy": 0.6842105263157895, "Precision": 0.6705697215405952, "Recall": 0.6635549872122762, "F1": 0.665737072560467}