{"Dataset": "cleveland", "Method": "LogisticRegression", "Accuracy": 0.791907514450867, "Precision": 0.7875843454790823, "Recall": 0.7908817908817909, "F1": 0.788795442213782}