{"Dataset": "crx", "Method": "LogisticRegression", "Accuracy": 0.8277777777777777, "Precision": 0.8245763068843988, "Recall": 0.823499776085983, "F1": 0.8240111578748174}