{"Dataset": "glass3", "Method": "LogisticRegression", "Accuracy": 0.6582278481012658, "Precision": 0.6265968201452072, "Recall": 0.7014848950332823, "F1": 0.6544537368910129}