{"Dataset": "heart", "Method": "LogisticRegression", "Accuracy": 0.8142857142857143, "Precision": 0.8049801213643022, "Recall": 0.8117647058823529, "F1": 0.8076516592686535}