{"Dataset": "hepatitis", "Method": "LogisticRegression", "Accuracy": 0.7692307692307693, "Precision": 0.7137931034482758, "Recall": 0.7012987012987013, "F1": 0.7067669172932329}