{"Dataset": "house-votes-84", "Method": "LogisticRegression", "Accuracy": 0.9672727272727273, "Precision": 0.9588807931199236, "Recall": 0.9669117647058824, "F1": 0.9627309551416223}