{"Dataset": "iris", "Method": "LogisticRegression", "Accuracy": 0.9666666666666667, "Precision": 0.9670003707823508, "Recall": 0.9666666666666667, "F1": 0.9666574048346764}