{"Dataset": "kr-vs-kp", "Method": "LogisticRegression", "Accuracy": 0.9393511988716502, "Precision": 0.9393337620348502, "Recall": 0.940437746144331, "F1": 0.9393120828414852}