{"Dataset": "mfeat-karhunen", "Method": "LogisticRegression", "Accuracy": 0.9352941176470588, "Precision": 0.9375570587589449, "Recall": 0.9352941176470588, "F1": 0.935548266939446}