{"Dataset": "mushroom", "Method": "LogisticRegression", "Accuracy": 0.9712803643724697, "Precision": 0.973757225433526, "Recall": 0.9701786652653704, "F1": 0.971155999897434}