{"Dataset": "ttt", "Method": "LogisticRegression", "Accuracy": 0.6658986175115207, "Precision": 0.6719573063450468, "Recall": 0.6940094874270601, "F1": 0.6579891304347827}