{"Dataset": "penguins_size_sample", "Method": "Logistic Regression", "Accuracy": 0.7647058823529411, "Precision": 0.8306878306878307, "Recall": 0.7037037037037037, "F1": 0.7037037037037036}