{"Dataset": "accent-mfcc-data-1", "Method": "MLP", "Accuracy": 0.7987804878048781, "Precision": 0.681179882495672, "Recall": 0.753814935064935, "F1": 0.7119462677135311}