{"Dataset": "Acoustic_Features", "Method": "MLP", "Accuracy": 0.7426470588235294, "Precision": 0.7431931643625193, "Recall": 0.7426470588235294, "F1": 0.7402562784356262}