{"Dataset": "adult", "Method": "MLP", "Accuracy": 0.718916751488233, "Precision": 0.686553819498391, "Recall": 0.7510480193302034, "F1": 0.6847309597524986}