{"Dataset": "adult_all", "Method": "MLP", "Accuracy": 0.749846002217568, "Precision": 0.6978302677405428, "Recall": 0.7560838572445859, "F1": 0.7067233905976895}