{"Dataset": "bcwo", "Method": "MLP", "Accuracy": 0.9589490968801314, "Precision": 0.9514094864566736, "Recall": 0.9549896229678312, "F1": 0.9531660950213021}