{"Dataset": "BreastTissue", "Method": "MLP", "Accuracy": 0.65, "Precision": 0.7153439153439153, "Recall": 0.6478174603174603, "F1": 0.6444911297852475}