{"Dataset": "bupa", "Method": "MLP", "Accuracy": 0.6982456140350877, "Precision": 0.688572719060524, "Recall": 0.6921994884910485, "F1": 0.6898096588032804}