{"Dataset": "cleveland", "Method": "MLP", "Accuracy": 0.7687861271676301, "Precision": 0.768377439187383, "Recall": 0.7740922740922741, "F1": 0.7674731182795699}