{"Dataset": "crx", "Method": "MLP", "Accuracy": 0.8555555555555555, "Precision": 0.8537810972595969, "Recall": 0.8606135244066279, "F1": 0.8544997305550567}