{"Dataset": "glass3", "Method": "MLP", "Accuracy": 0.7721518987341772, "Precision": 0.7294612794612795, "Recall": 0.8374295954941117, "F1": 0.764957264957265}