{"Dataset": "heart", "Method": "MLP", "Accuracy": 0.7857142857142857, "Precision": 0.7756852898095836, "Recall": 0.7818181818181819, "F1": 0.7780596068484464}