{"Dataset": "kr-vs-kp", "Method": "MLP", "Accuracy": 0.9432299012693935, "Precision": 0.9429320159315557, "Recall": 0.9433527132652568, "F1": 0.9431158273312281}