{"Dataset": "mfeat-karhunen", "Method": "MLP", "Accuracy": 0.9558823529411765, "Precision": 0.9565082205094942, "Recall": 0.9558823529411764, "F1": 0.955794967474618}