{"Dataset": "mushroom", "Method": "MLP", "Accuracy": 0.9791244939271255, "Precision": 0.9795388592621448, "Recall": 0.9787730169440407, "F1": 0.9790808559660247}