{"Dataset": "promoter", "Method": "MLP", "Accuracy": 0.868421052631579, "Precision": 0.8778409090909092, "Recall": 0.868421052631579, "F1": 0.867595818815331}