{"Dataset": "ttt", "Method": "MLP", "Accuracy": 0.7039170506912442, "Precision": 0.6777992277992277, "Recall": 0.6933168212921372, "F1": 0.6813486786189242}