{"Dataset": "wdbc", "Method": "MLP", "Accuracy": 0.9459459459459459, "Precision": 0.903165522501907, "Recall": 0.9590498523536564, "F1": 0.9265873015873016}