{"Dataset": "Acoustic_Features", "Method": "MLP", "Accuracy": 0.7573529411764706, "Precision": 0.758732057416268, "Recall": 0.7573529411764707, "F1": 0.7566126568245727}