{"Dataset": "adult_all", "Method": "MLP", "Accuracy": 0.7563344421173669, "Precision": 0.7008042469130895, "Recall": 0.7566496109497398, "F1": 0.711267590206534}