{"Dataset": "adult", "Method": "MLP", "Accuracy": 0.7986490237808828, "Precision": 0.731493409195499, "Recall": 0.7665175955853967, "F1": 0.7443747545738164}