{"Dataset": "bcwo", "Method": "MLP", "Accuracy": 0.9556650246305419, "Precision": 0.941435485774997, "Recall": 0.9619508820477343, "F1": 0.9504246601362168}