{"Dataset": "BreastTissue", "Method": "MLP", "Accuracy": 0.7, "Precision": 0.6481481481481481, "Recall": 0.6904761904761904, "F1": 0.6574074074074074}