{"Dataset": "bupa", "Method": "MLP", "Accuracy": 0.5684210526315789, "Precision": 0.5641531780497434, "Recall": 0.5664961636828645, "F1": 0.5621901110292373}