{"Dataset": "cleveland", "Method": "MLP", "Accuracy": 0.7687861271676301, "Precision": 0.770120320855615, "Recall": 0.7757985257985258, "F1": 0.7678475577026302}