{"Dataset": "crx", "Method": "MLP", "Accuracy": 0.8240740740740741, "Precision": 0.8243391541722109, "Recall": 0.8308889386475593, "F1": 0.8232442433785502}