{"Dataset": "glass3", "Method": "MLP", "Accuracy": 0.7341772151898734, "Precision": 0.6893939393939394, "Recall": 0.7967229902713774, "F1": 0.7170418273017453}