{"Dataset": "heart", "Method": "MLP", "Accuracy": 0.8, "Precision": 0.7911515940143137, "Recall": 0.7871657754010695, "F1": 0.788975021533161}