{"Dataset": "house-votes-84", "Method": "MLP", "Accuracy": 0.9418181818181818, "Precision": 0.9410147857955263, "Recall": 0.9241310160427807, "F1": 0.9318885448916407}