{"Dataset": "iris", "Method": "MLP", "Accuracy": 0.9666666666666667, "Precision": 0.9696969696969697, "Recall": 0.9666666666666667, "F1": 0.9665831244778613}