{"Dataset": "kr-vs-kp", "Method": "MLP", "Accuracy": 0.9372355430183357, "Precision": 0.9369503343641004, "Recall": 0.9372901899253272, "F1": 0.9371033825583766}