{"Dataset": "mfeat-karhunen", "Method": "MLP", "Accuracy": 0.961764705882353, "Precision": 0.9622463741401914, "Recall": 0.9617647058823529, "F1": 0.9616128169899671}