{"Dataset": "mushroom", "Method": "MLP", "Accuracy": 0.9872216599190283, "Precision": 0.9872086682467023, "Recall": 0.9871995157013649, "F1": 0.987204076107267}