{"Dataset": "ttt", "Method": "MLP", "Accuracy": 0.7223502304147466, "Precision": 0.7017638120047759, "Recall": 0.7229545359136896, "F1": 0.704913084018547}