{"Dataset": "wdbc", "Method": "MLP", "Accuracy": 0.9884169884169884, "Precision": 0.9802710585006005, "Recall": 0.9862775751259336, "F1": 0.9832344373718848}