{"Dataset": "Acoustic_Features", "Method": "LogisticRegression", "Accuracy": 0.7720588235294118, "Precision": 0.7745663683163683, "Recall": 0.7720588235294117, "F1": 0.7654894954688992}