{"Dataset": "bcwo", "Method": "LogisticRegression", "Accuracy": 0.9441707717569786, "Precision": 0.9370761396099863, "Recall": 0.9347111726046351, "F1": 0.9358788554440729}