{"Dataset": "BreastTissue", "Method": "LogisticRegression", "Accuracy": 0.675, "Precision": 0.689484126984127, "Recall": 0.6505952380952381, "F1": 0.6546802054154995}