{"Dataset": "bupa", "Method": "LogisticRegression", "Accuracy": 0.7087719298245614, "Precision": 0.7161654135338346, "Recall": 0.723529411764706, "F1": 0.707605592019876}