{"Dataset": "crx", "Method": "LogisticRegression", "Accuracy": 0.8166666666666667, "Precision": 0.8128993024003579, "Recall": 0.8132277205553068, "F1": 0.8130605822187253}