{"Dataset": "glass-0-1-2-3_vs_4-5-6", "Method": "LogisticRegression", "Accuracy": 0.8629032258064516, "Precision": 0.6304347826086957, "Recall": 0.9279661016949152, "F1": 0.6680837663360101}