{"Dataset": "house-votes-84", "Method": "LogisticRegression", "Accuracy": 0.9636363636363636, "Precision": 0.9503317039106145, "Recall": 0.9702540106951871, "F1": 0.9591648847707294}