{"Dataset": "kr-vs-kp", "Method": "LogisticRegression", "Accuracy": 0.943935119887165, "Precision": 0.9446689322253711, "Recall": 0.9431039202107212, "F1": 0.9437058176922112}