{"Dataset": "mfeat-karhunen", "Method": "LogisticRegression", "Accuracy": 0.9397058823529412, "Precision": 0.9399924374827264, "Recall": 0.9397058823529412, "F1": 0.9396485219423625}