{"Dataset": "mushroom", "Method": "LogisticRegression", "Accuracy": 0.97165991902834, "Precision": 0.9714894297475932, "Recall": 0.9718552069155917, "F1": 0.9716333273796032}