{"Dataset": "ttt", "Method": "LogisticRegression", "Accuracy": 0.7465437788018433, "Precision": 0.7130687532034439, "Recall": 0.6969480710297637, "F1": 0.7031094527363184}