{"Dataset": "wdbc", "Method": "LogisticRegression", "Accuracy": 0.9343629343629344, "Precision": 0.8892054203880505, "Recall": 0.9390307451797811, "F1": 0.9103715012722646}