{"Dataset": "bcwo", "Method": "LogisticRegression", "Accuracy": 0.9441707717569786, "Precision": 0.9317136042785903, "Recall": 0.9427533725354549, "F1": 0.9368781094527363}