{"Dataset": "bupa", "Method": "LogisticRegression", "Accuracy": 0.7298245614035088, "Precision": 0.7210228411140052, "Recall": 0.7257033248081841, "F1": 0.722597934495443}