{"Dataset": "crx", "Method": "LogisticRegression", "Accuracy": 0.8, "Precision": 0.7981767257949366, "Recall": 0.8039352888490819, "F1": 0.7985380884608475}