{"Dataset": "glass3", "Method": "LogisticRegression", "Accuracy": 0.6582278481012658, "Precision": 0.6189189189189189, "Recall": 0.7491039426523297, "F1": 0.6552304535288557}