{"Dataset": "house-votes-84", "Method": "LogisticRegression", "Accuracy": 0.9127272727272727, "Precision": 0.894320297951583, "Recall": 0.9117647058823529, "F1": 0.9019957234497504}