{"Dataset": "kr-vs-kp", "Method": "LogisticRegression", "Accuracy": 0.943935119887165, "Precision": 0.9436039007600746, "Recall": 0.9441659025877969, "F1": 0.9438328752636782}