{"Dataset": "mfeat-karhunen", "Method": "LogisticRegression", "Accuracy": 0.9338235294117647, "Precision": 0.9349142602684699, "Recall": 0.9338235294117647, "F1": 0.9333731748379611}