{"Dataset": "mushroom", "Method": "LogisticRegression", "Accuracy": 0.9910172064777328, "Precision": 0.9908448082959092, "Recall": 0.9913091553317859, "F1": 0.9910097911964475}