{"Dataset": "ttt", "Method": "LogisticRegression", "Accuracy": 0.9631336405529954, "Precision": 0.9533163935862613, "Recall": 0.9654086730196045, "F1": 0.958919750347561}