{"Dataset": "accent-mfcc-data-1", "Method": "SVM", "Accuracy": 0.7317073170731707, "Precision": 0.6523378191856453, "Recall": 0.8343344155844156, "F1": 0.707332780214136}