{"Dataset": "Acoustic_Features", "Method": "SVM", "Accuracy": 0.6985294117647058, "Precision": 0.7118701518856317, "Recall": 0.6985294117647058, "F1": 0.7016270450302803}