{"Dataset": "adult_all", "Method": "SVM", "Accuracy": 0.7430906328282206, "Precision": 0.6933270853045644, "Recall": 0.7521210268563447, "F1": 0.700778419960544}