{"Dataset": "adult", "Method": "SVM", "Accuracy": 0.7466456926066438, "Precision": 0.699827522827347, "Recall": 0.7613969658346434, "F1": 0.7069452621226718}