{"Dataset": "bcwo", "Method": "SVM", "Accuracy": 0.922824302134647, "Precision": 0.9103566613555583, "Recall": 0.9136112071947423, "F1": 0.911952258640048}