{"Dataset": "BreastTissue", "Method": "SVM", "Accuracy": 0.6, "Precision": 0.6301767676767677, "Recall": 0.5936507936507937, "F1": 0.6037698412698412}