{"Dataset": "bupa", "Method": "SVM", "Accuracy": 0.6456140350877193, "Precision": 0.64270925761609, "Recall": 0.648081841432225, "F1": 0.6410892632261443}