{"Dataset": "cleveland", "Method": "SVM", "Accuracy": 0.7572254335260116, "Precision": 0.7532258064516129, "Recall": 0.7571662571662572, "F1": 0.7542613636363635}