{"Dataset": "crx", "Method": "SVM", "Accuracy": 0.7944444444444444, "Precision": 0.7914344685242518, "Recall": 0.7964061800268696, "F1": 0.7924450554207021}