{"Dataset": "glass3", "Method": "SVM", "Accuracy": 0.759493670886076, "Precision": 0.7766866703036915, "Recall": 0.7677931387608807, "F1": 0.7696629213483147}