{"Dataset": "heart", "Method": "SVM", "Accuracy": 0.7785714285714286, "Precision": 0.7687937062937062, "Recall": 0.7631016042780749, "F1": 0.7655448111933445}