{"Dataset": "hepatitis", "Method": "SVM", "Accuracy": 0.8461538461538461, "Precision": 0.8100649350649352, "Recall": 0.8100649350649352, "F1": 0.8100649350649352}