{"Dataset": "house-votes-84", "Method": "SVM", "Accuracy": 0.9636363636363636, "Precision": 0.9519219466321853, "Recall": 0.9672459893048129, "F1": 0.9589405160057334}