{"Dataset": "iris", "Method": "SVM", "Accuracy": 0.9333333333333333, "Precision": 0.9373737373737373, "Recall": 0.9333333333333335, "F1": 0.9337788916736285}