{"Dataset": "kr-vs-kp", "Method": "SVM", "Accuracy": 0.9636812411847673, "Precision": 0.9636053132822082, "Recall": 0.9635722594248444, "F1": 0.9635886656527616}