{"Dataset": "mfeat-karhunen", "Method": "SVM", "Accuracy": 0.9735294117647059, "Precision": 0.9739087536377303, "Recall": 0.973529411764706, "F1": 0.9736016015408373}