{"Dataset": "mushroom", "Method": "SVM", "Accuracy": 0.9968370445344129, "Precision": 0.9968468725809261, "Recall": 0.9968186806324401, "F1": 0.9968326324009746}