{"Dataset": "penguins_size_sample", "Method": "SVM", "Accuracy": 0.9393939393939394, "Precision": 0.9259259259259259, "Recall": 0.9481481481481482, "F1": 0.9336345915293283}