{"Dataset": "ttt", "Method": "SVM", "Accuracy": 0.7788018433179723, "Precision": 0.7502815663936504, "Recall": 0.7545443096427522, "F1": 0.7522831050228311}