{"Dataset": "Acoustic_Features", "Method": "MLP", "Accuracy": 0.8308823529411765, "Precision": 0.8314744079449962, "Recall": 0.8308823529411765, "F1": 0.8310843480805691}