{"Dataset": "adult", "Method": "MLP", "Accuracy": 0.7632090311834921, "Precision": 0.7125290998079546, "Recall": 0.7743601777347151, "F1": 0.7228193203014494}