{"Dataset": "adult_all", "Method": "MLP", "Accuracy": 0.7752659028376658, "Precision": 0.7224300290828762, "Recall": 0.7855737830527803, "F1": 0.7346850363857195}