{"Dataset": "bcwo", "Method": "MLP", "Accuracy": 0.9490968801313628, "Precision": 0.9376056508089834, "Recall": 0.9477257004496714, "F1": 0.9423747851912445}