{"Dataset": "BreastTissue", "Method": "MLP", "Accuracy": 0.675, "Precision": 0.6796296296296296, "Recall": 0.6591269841269841, "F1": 0.6638888888888889}