{"Dataset": "bupa", "Method": "MLP", "Accuracy": 0.656140350877193, "Precision": 0.6465, "Recall": 0.6498721227621483, "F1": 0.6473484848484848}