{"Dataset": "cleveland", "Method": "MLP", "Accuracy": 0.7745664739884393, "Precision": 0.7698630136986302, "Recall": 0.7689052689052689, "F1": 0.7693569890267664}