{"Dataset": "crx", "Method": "MLP", "Accuracy": 0.8425925925925926, "Precision": 0.8423366575673192, "Recall": 0.8492498880429915, "F1": 0.8417672427166394}