{"Dataset": "glass-0-1-2-3_vs_4-5-6", "Method": "MLP", "Accuracy": 0.8870967741935484, "Precision": 0.6341719077568134, "Recall": 0.8615819209039548, "F1": 0.6770833333333333}