{"Dataset": "glass3", "Method": "MLP", "Accuracy": 0.6835443037974683, "Precision": 0.5797178130511463, "Recall": 0.6193036354326676, "F1": 0.5902435686918445}