{"Dataset": "heart", "Method": "MLP", "Accuracy": 0.75, "Precision": 0.7379414298018949, "Recall": 0.7363636363636363, "F1": 0.737110359997854}