{"Dataset": "iris", "Method": "MLP", "Accuracy": 0.9555555555555556, "Precision": 0.9577922077922079, "Recall": 0.9555555555555556, "F1": 0.9554887608657333}