{"Dataset": "kr-vs-kp", "Method": "MLP", "Accuracy": 0.9545133991537377, "Precision": 0.9543324056205043, "Recall": 0.95448757355973, "F1": 0.9544070027804894}