{"Dataset": "mfeat-karhunen", "Method": "MLP", "Accuracy": 0.9661764705882353, "Precision": 0.967822327470693, "Recall": 0.9661764705882353, "F1": 0.9662832093333362}