{"Dataset": "mushroom", "Method": "MLP", "Accuracy": 0.9701417004048583, "Precision": 0.9699614021889857, "Recall": 0.9703910780722534, "F1": 0.9701163960784819}