{"Dataset": "promoter", "Method": "MLP", "Accuracy": 0.7631578947368421, "Precision": 0.8044871794871795, "Recall": 0.763157894736842, "F1": 0.7548387096774194}