{"Dataset": "ttt", "Method": "MLP", "Accuracy": 0.7223502304147466, "Precision": 0.6965075154730327, "Recall": 0.713257210024768, "F1": 0.7007902622526407}