{"Dataset": "accent-mfcc-data-1", "Method": "SVM", "Accuracy": 0.8170731707317073, "Precision": 0.7300834431269214, "Recall": 0.8132846320346321, "F1": 0.7645770229491727}