{"Dataset": "Acoustic_Features", "Method": "SVM", "Accuracy": 0.7794117647058824, "Precision": 0.7781192765567766, "Recall": 0.7794117647058824, "F1": 0.7768505953670113}