{"Dataset": "adult", "Method": "SVM", "Accuracy": 0.7163875266031277, "Precision": 0.6733983960088872, "Recall": 0.7293824885418116, "F1": 0.6755519080284035}