{"Dataset": "adult_all", "Method": "SVM", "Accuracy": 0.7516939756067512, "Precision": 0.7077026823058266, "Recall": 0.7744408282743246, "F1": 0.7143705546916498}