{"Dataset": "bcwo", "Method": "SVM", "Accuracy": 0.9211822660098522, "Precision": 0.9054407251103012, "Recall": 0.9177620200622623, "F1": 0.911110029921911}