{"Dataset": "BreastTissue", "Method": "SVM", "Accuracy": 0.625, "Precision": 0.5365560365560366, "Recall": 0.6180555555555555, "F1": 0.5724775740255615}