{"Dataset": "bupa", "Method": "SVM", "Accuracy": 0.5684210526315789, "Precision": 0.5628891964020954, "Recall": 0.5650895140664962, "F1": 0.5614232631460421}