{"Dataset": "cleveland", "Method": "SVM", "Accuracy": 0.791907514450867, "Precision": 0.7932486631016042, "Recall": 0.7994130494130494, "F1": 0.7910628019323672}