{"Dataset": "crx", "Method": "SVM", "Accuracy": 0.8296296296296296, "Precision": 0.8258667705492793, "Recall": 0.827782131661442, "F1": 0.8267178235088943}