{"Dataset": "glass3", "Method": "SVM", "Accuracy": 0.759493670886076, "Precision": 0.7767722473604827, "Recall": 0.779057859703021, "F1": 0.7770496992719215}