{"Dataset": "heart", "Method": "SVM", "Accuracy": 0.8142857142857143, "Precision": 0.8066378066378066, "Recall": 0.8181818181818181, "F1": 0.8095835948943293}