{"Dataset": "hepatitis", "Method": "SVM", "Accuracy": 0.7948717948717948, "Precision": 0.7633928571428572, "Recall": 0.6915584415584416, "F1": 0.711111111111111}