{"Dataset": "house-votes-84", "Method": "SVM", "Accuracy": 0.9236363636363636, "Precision": 0.9068713450292398, "Recall": 0.9227941176470589, "F1": 0.9140125965962389}