{"Dataset": "iris", "Method": "SVM", "Accuracy": 0.9222222222222223, "Precision": 0.9268943706514864, "Recall": 0.9222222222222222, "F1": 0.9208612767014407}