{"Dataset": "kr-vs-kp", "Method": "SVM", "Accuracy": 0.9566290550070522, "Precision": 0.9567488226592429, "Recall": 0.9562899521011048, "F1": 0.9564991131544578}