{"Dataset": "mfeat-karhunen", "Method": "SVM", "Accuracy": 0.9676470588235294, "Precision": 0.9684796714823817, "Recall": 0.9676470588235293, "F1": 0.9676236724907703}