{"Dataset": "mushroom", "Method": "SVM", "Accuracy": 0.9850708502024291, "Precision": 0.9849949490028768, "Recall": 0.9851159723915925, "F1": 0.985052358862113}