{"Dataset": "promoter", "Method": "SVM", "Accuracy": 0.8947368421052632, "Precision": 0.8991596638655461, "Recall": 0.894736842105263, "F1": 0.8944444444444444}