{"Dataset": "ttt", "Method": "SVM", "Accuracy": 0.793778801843318, "Precision": 0.7735805860805861, "Recall": 0.800994920448344, "F1": 0.7800307219662059}