{"Dataset": "wdbc", "Method": "SVM", "Accuracy": 0.9613899613899614, "Precision": 0.9350471932439146, "Recall": 0.9563574778530484, "F1": 0.9451271186440677}