{"Dataset": "accent-mfcc-data-1", "Method": "SVM", "Accuracy": 0.7621951219512195, "Precision": 0.6598151848151848, "Recall": 0.7417117604617606, "F1": 0.6889117541826901}