{"Dataset": "Acoustic_Features", "Method": "SVM", "Accuracy": 0.75, "Precision": 0.7580149319279754, "Recall": 0.7499999999999999, "F1": 0.7451208388364712}