{"Dataset": "adult", "Method": "SVM", "Accuracy": 0.7306067055303661, "Precision": 0.6859196359742924, "Recall": 0.7448133788102278, "F1": 0.6903727798483424}