{"Dataset": "adult_all", "Method": "SVM", "Accuracy": 0.7368691224179705, "Precision": 0.6809130760034119, "Recall": 0.7320154723898713, "F1": 0.6890715038688456}