{"Dataset": "bcwo", "Method": "SVM", "Accuracy": 0.9589490968801314, "Precision": 0.9456537203016077, "Recall": 0.9643721895537876, "F1": 0.9539864785224901}