{"Dataset": "BreastTissue", "Method": "SVM", "Accuracy": 0.6, "Precision": 0.615079365079365, "Recall": 0.5821428571428572, "F1": 0.5792124542124543}