{"Dataset": "bupa", "Method": "SVM", "Accuracy": 0.6596491228070176, "Precision": 0.6685337563200158, "Recall": 0.6739130434782609, "F1": 0.6585730341241709}