{"Dataset": "cleveland", "Method": "SVM", "Accuracy": 0.7803468208092486, "Precision": 0.7773385151433931, "Recall": 0.7824870324870324, "F1": 0.7782051282051283}