{"Dataset": "crx", "Method": "SVM", "Accuracy": 0.7981481481481482, "Precision": 0.7940263661908823, "Recall": 0.7943349753694582, "F1": 0.7941778127458694}