{"Dataset": "glass3", "Method": "SVM", "Accuracy": 0.6962025316455697, "Precision": 0.6861645299145299, "Recall": 0.7393753200204815, "F1": 0.7003861003861004}