{"Dataset": "glass-0-1-2-3_vs_4-5-6", "Method": "SVM", "Accuracy": 0.8951612903225806, "Precision": 0.6578947368421053, "Recall": 0.9449152542372881, "F1": 0.7108520179372197}