{"Dataset": "heart", "Method": "SVM", "Accuracy": 0.7357142857142858, "Precision": 0.7467105263157895, "Recall": 0.7566844919786095, "F1": 0.7346175521286951}