{"Dataset": "kr-vs-kp", "Method": "SVM", "Accuracy": 0.9520451339915373, "Precision": 0.9517322182393488, "Recall": 0.9527033933079156, "F1": 0.9519878027588191}