{"Dataset": "mfeat-karhunen", "Method": "SVM", "Accuracy": 0.9794117647058823, "Precision": 0.9799114561296183, "Recall": 0.9794117647058824, "F1": 0.9794254731688264}