{"Dataset": "mushroom", "Method": "SVM", "Accuracy": 0.9765941295546559, "Precision": 0.9764648791399211, "Recall": 0.9766978726918301, "F1": 0.9765681863549651}