{"Dataset": "ttt", "Method": "SVM", "Accuracy": 0.7523041474654378, "Precision": 0.7255639097744361, "Recall": 0.7418034507367449, "F1": 0.7308620289328367}