{"Dataset": "wdbc", "Method": "SVM", "Accuracy": 0.9459459459459459, "Precision": 0.9104308390022675, "Recall": 0.9401598054542296, "F1": 0.9240787269681743}